accver	taxid	country	collection_date
MN052861.1	714978	China	2018-04-25
MK123981.1	714978	China	2012-12-31
MK123980.1	714978	China	2012-12-31
MK123979.1	714978	China	2010-12-31
MK123978.1	714978	China: Guangzhou	2018-05-31
KY471322.1	714978	South Korea	NA
KY471321.1	714978	South Korea	NA
KY471320.1	714978	South Korea	NA
KY471319.1	714978	South Korea	NA
KY471318.1	714978	South Korea	NA
KP896483.1	714978	China	2013-02-24
KP896478.1	714978	China	2012-02-10
KX289874.1	714978	China	2015-11-11
KY780932.1	714978	China	2016-05-31
KY780931.1	714978	China	2016-05-31
KY070248.1	714978	China	2016-06-29
KX494979.1	714978	South Korea	2016-02-22
KP279748.1	714978	China	2012-04-17
KC857701.1	714978	China	2012-04-25
KF908851.1	714978	China	2013-01-13
KJ883522.1	714978	China	2011-12-04
KJ883521.1	714978	China	2013-04-06
KJ883520.1	714978	China	2013-04-05
KC999882.1	714978	China	2011-12-11
JX423384.1	108098	Argentina	2004-12-31
JX123029.1	714978	China	2012-01-07
JX123028.1	714978	China	2011-04-21
JX123027.1	714978	China	2010-08-17
FJ643676.1	714978	China: Shanxi, Qishan	2006-03-31
DQ874353.2	714978	China	NA
KM458628.1	714978	China	2012-12-31
KC551973.1	714978	China	2012-05-30
JX491639.1	714978	China	2011-03-23
JX128105.1	1222019	China	2009-01-31
FJ841905.1	343463	Taiwan	2001-12-31
FJ841899.1	343463	USA	1996-12-31
FJ597732.1	343463	Singapore	2005-05-25
KY002685.1	1907210	China	2016-06-07
JX423385.1	108098	Egypt	2001-04-30
KP896484.1	714978	China	2013-01-14
FJ841900.1	343463	Spain	1968-12-31
KF268121.1	108098	USA: Wisconsin	2005-07-31
EF011630.1	108098	USA	NA
AB330092.1	10541	NA	NA
AY598970.1	108098	NA	NA
AF532578.1	10541	NA	NA
AY163756.1	10541	NA	NA
JX034750.1	565303	Argentina	NA
KT970440.1	108098	Argentina	2000-08-31
KT970442.1	108098	USA: New York	2012-04-14
KT970441.1	108098	USA: Pennsylvania	2013-09-30
JX120173.1	108098	China	2011-05-16
JX120172.1	108098	China	2011-05-08
JX120177.1	108098	China	2011-04-30
AB052912.2	10522	Japan	NA
KF268124.1	108098	USA: Iowa	2004-11-30
AB330116.1	10522	NA	NA
AY271307.1	10522	NA	NA
AY128640.2	10522	NA	NA
FJ841902.1	10521	Netherlands	1973-12-31
AY803294.1	10521	NA	NA
DQ149612.1	10521	NA	NA
AB330095.1	10521	NA	NA
MF062484.1	10521	China	2010-09-08
KC825052.1	10521	China	2007-12-31
JX892927.2	10521	China	2012-01-31
JQ824845.1	10521	China	2010-10-06
JN032132.1	10521	China	2011-10-21
JF420883.1	10521	China	2010-10-21
MH668280.1	108098	USA	2017-07-24
MH499479.1	108098	USA	NA
MH546113.1	108098	USA	2017-07-12
KY021432.1	108098	USA	2015-05-04
KY021430.1	108098	USA	2015-02-14
KY021429.1	108098	USA	2008-01-27
KY021428.1	108098	Canada	2010-12-31
KY021427.1	108098	Canada	2010-12-31
KY021426.1	108098	Canada	2010-12-31
JX310315.1	814922	China	2011-04-07
FJ841901.1	814922	USA	2006-12-31
FJ822614.1	10521	USA: Lackland, TX	2006-12-31
KP896482.1	10521	China	2013-01-22
LC177352.1	108098	Japan:Fukuoka, Tatara river	2015-01-07
KF906413.1	1461395	South Korea	2010-08-23
KF268196.1	108098	USA: Texas	2005-09-30
AB330115.1	10548	NA	NA
AY737797.1	10548	NA	NA
AB052911.1	10548	NA	NA
KF268328.1	108098	Germany	1985-01-28
FJ607010.1	343463	Singapore	2004-12-31
AB053166.1	32608	NA	NA
KY307858.1	1521028	Germany	2015-12-31
KJ364590.1	32608	USA: CGTC Cape May, NJ	2006-12-31
KJ364589.1	32608	USA: CA	1996-12-31
KJ364587.1	32608	NA	2004-12-31
KJ364584.1	32608	USA: MCRD Parris Island, SC	2004-12-31
KJ364582.1	32608	USA: Ft Benning, GA	2006-12-31
KJ364581.1	32608	USA: Lackland AFB, TX	2005-12-31
KJ364579.1	32608	USA: UT	1983-12-31
KJ364577.1	32608	USA: TN	1977-12-31
KJ364576.1	32608	USA: FT Jackson, SC	2005-12-31
KJ364573.1	32608	USA: FT Leonard Wood, MO	2004-12-31
KF577595.1	1521028	Germany	2005-04-30
KY307860.1	1521028	Malaysia: Sarawak	1996-12-31
AJ012091.1	10535	NA	NA
KY307859.1	1521028	Switzerland: Bern	2015-12-31
KY307857.1	1521028	Switzerland: Bern	2012-12-31
KJ364592.1	32608	USA: CA	1997-12-31
KJ364591.1	32608	USA: CA	1986-12-31
KJ364588.1	32608	USA: CT	1987-12-31
KJ364586.1	32608	USA: NRTC Great Lakes, IL	1997-12-31
KJ364585.1	32608	USA: MCRD Parris Island, SC	2004-12-31
KJ364583.1	32608	USA: MCRD Parris Island, SC	2003-12-31
KJ364580.1	32608	USA: MCRD San Diego, CA	1997-12-31
KJ364578.1	32608	USA: NRTC Great Lakes, IL	1995-12-31
KJ364575.1	32608	USA: FT Benning, GA	2005-12-31
KJ364574.1	32608	USA: FT Leonard Wood, MO	2004-12-31
KF528688.1	32608	Germany	NA
KF938575.1	1521028	Germany	2012-04-30
KF802426.1	1521028	Germany	2008-07-31
KF802425.1	1521028	Germany	2012-10-31
KF577598.1	1521028	Germany	2013-01-31
KF577597.1	1521028	Germany	2012-10-31
KF577593.1	1521028	Germany	2010-06-30
HQ292614.1	927252	NA	NA
AB330102.1	32608	NA	NA
AY601633.1	32608	NA	NA
MF502426.1	32608	USA	2016-03-31
AY008279.1	32608	NA	NA
KF633445.1	108098	Germany	NA
FJ025910.1	585090	NA	NA
KY070259.1	714978	China	2016-06-29
KY511688.1	1907210	China	2016-07-07
KY511690.1	1907210	China	2014-07-04
KY511689.1	1907210	China	2014-06-30
FJ025912.1	585089	NA	NA
KY511684.1	1907210	China	NA
KM659134.1	108098	Democratic Republic of the Congo	NA
KT069558.1	108098	Rwanda	NA
KM659153.1	108098	Democratic Republic of the Congo	NA
KM659144.1	108098	Democratic Republic of the Congo	NA
KM659132.1	108098	Democratic Republic of the Congo	NA
KM659172.1	108098	Cameroon	NA
AJ005537.1	10535	NA	NA
AB330131.1	107462	NA	NA
AY737798.1	107462	NA	NA
KR090768.1	714978	China	2013-08-01
KM659143.1	108098	Democratic Republic of the Congo	NA
KM659145.1	108098	Democratic Republic of the Congo	NA
FJ025916.1	585063	NA	NA
KC570909.1	10541	Taiwan	2002-02-04
FJ025911.1	585066	NA	NA
AY972815.1	322681	Germany	NA
KT069560.1	108098	Rwanda	NA
KT069557.1	108098	Democratic Republic of the Congo	NA
KM659154.1	108098	Democratic Republic of the Congo	NA
KM659147.1	108098	Democratic Republic of the Congo	NA
KM659136.1	108098	Democratic Republic of the Congo	NA
KM659142.1	108098	Democratic Republic of the Congo	NA
AB018424.1	10541	NA	NA
KM659141.1	108098	Democratic Republic of the Congo	NA
FJ025929.1	585081	NA	NA
FJ025908.1	585067	NA	NA
KM659155.1	108098	Democratic Republic of the Congo	NA
KT069559.1	108098	Uganda	NA
KM659170.1	108098	Uganda	NA
KM659164.1	108098	Uganda	NA
KM659133.1	108098	Democratic Republic of the Congo	NA
JN163988.1	1076302	NA	NA
KM659148.1	108098	Democratic Republic of the Congo	NA
KM659146.1	108098	Democratic Republic of the Congo	NA
KM659135.1	108098	Democratic Republic of the Congo	NA
KM659152.1	108098	Democratic Republic of the Congo	NA
KM659163.1	108098	Democratic Republic of the Congo	NA
KM659151.1	108098	Democratic Republic of the Congo	NA
AB162772.1	10541	NA	NA
KM659150.1	108098	Democratic Republic of the Congo	NA
KM659156.1	108098	Gabon	NA
KM659138.1	108098	Democratic Republic of the Congo	NA
KM659167.1	108098	Uganda	NA
AB330097.1	31544	NA	NA
AY601636.1	31544	NA	NA
X74662.1	31544	NA	NA
JN163989.1	1076303	NA	NA
EU513203.1	108098	China	NA
JN860680.1	31544	Egypt	NA
AB018427.1	10522	NA	NA
JN163986.1	1076306	NA	NA
KM659157.1	108098	Gabon	NA
JN860678.1	1096763	Argentina	2003-12-31
MH910667.1	10519	USA: New York	1998-12-31
KX570681.1	10519	Taiwan	2002-10-10
KX570679.1	10519	Taiwan	2004-10-12
KX570658.1	10519	Taiwan	2002-08-08
KF268125.1	108098	USA: Pittsburgh, Pennsylvania	1987-12-31
JX423388.1	108098	USA: Illinios	1997-07-31
AY601634.1	10519	USA: Illinois, NTC Great Lakes	NA
AY594256.1	10519	NA	NA
MH910666.1	10519	USA: Georgia	1995-12-31
MH910669.1	10519	USA	NA
KF268126.1	108098	USA: Iowa	2005-01-31
JN860679.1	260047	Japan	1957-12-31
JN860676.1	1337398	Argentina	1986-12-31
AY495969.1	10519	China	NA
AF515814.1	10519	NA	NA
MH910665.1	10519	USA: Texas	1997-12-31
MH910662.1	10519	USA: Maryland	1954-12-31
KF268134.1	108098	USA: Pittsburgh, Pennsylvania	1987-12-31
JX423386.1	108098	Argentina	2002-12-31
AF065066.2	85755	NA	NA
FJ025928.1	585084	NA	NA
AF065067.2	85755	NA	NA
AF065068.2	85755	NA	NA
AF053085.1	10519	NA	NA
FJ025909.1	585083	NA	NA
KM458623.1	45659	China	2010-12-31
EF486500.1	45659	Taiwan	NA
KF268315.1	108098	Germany	1988-04-12
KY320276.1	108098	South Korea	NA
KX384958.1	45659	USA: Fort Jackson, SC	2002-12-08
AB900154.1	108098	Japan:Fukui	2003-12-31
AB900151.1	108098	Japan:Fukui	2002-12-31
KF268311.1	108098	China: Guangzhou	2006-12-31
KF268133.1	108098	USA: Connecticut	2007-01-31
KF268123.1	108098	USA: Connecticut	2006-12-31
KF268120.1	108098	USA: Connecticut	2007-01-31
JX423382.1	108098	USA: Philadelphia	2007-12-31
JX423381.1	108098	USA: Philadelphia	2002-12-31
JX423380.1	108098	USA: San Diego	2004-06-30
EF494645.1	45659	Taiwan	NA
EF494642.1	45659	Taiwan	NA
EF570054.1	45659	Taiwan	NA
DQ099432.4	108098	NA	2004-12-31
AY854176.1	45659	South Korea	NA
KF268212.1	108098	India: Tamil Nadu	2011-04-05
KF268210.1	108098	India: Tamil Nadu	2011-03-31
EF494646.1	45659	Taiwan	NA
EF494644.1	45659	Taiwan	NA
AY854173.1	45659	South Korea	NA
KF268132.1	108098	USA: Pittsburgh, Pennsylvania	1987-12-31
KF268131.1	108098	USA: Connecticut	2007-01-31
KF268128.1	108098	USA: Pittsburgh, Pennsylvania	1987-12-31
JQ764730.1	45659	China	2011-01-23
EF486506.1	45659	Taiwan	NA
EF486505.1	45659	Taiwan	NA
EF486501.1	45659	Taiwan	NA
EF494648.1	45659	Taiwan	NA
DQ105654.4	108098	NA	2004-06-30
AY599836.1	45659	USA: Illinois, NTC Great Lakes	NA
AB900148.1	108098	Japan:Fukui	1987-12-31
KF268202.1	108098	USA	NA
EF486503.1	45659	Taiwan	NA
EF494643.1	45659	Taiwan	2003-12-31
EF494640.1	45659	Taiwan	NA
EF570053.1	45659	Taiwan	NA
AY854180.1	45659	South Korea	NA
AY854174.1	45659	South Korea	NA
AY878716.1	45659	China	NA
EF486504.1	45659	Taiwan	NA
JN163977.1	1076317	NA	NA
EF486499.1	45659	Taiwan	NA
AB098564.1	262789	NA	NA
AF542126.1	45659	NA	NA
AF542104.1	45659	NA	NA
EF486498.1	45659	Taiwan	NA
AF542127.1	45659	NA	NA
AF542123.1	45659	NA	NA
AF542111.1	45659	NA	NA
AF542107.1	45659	NA	NA
AF542106.1	45659	NA	NA
KM659129.1	108098	Uganda	NA
EF486497.1	45659	Taiwan	NA
AF542114.1	45659	NA	NA
AF542112.1	45659	NA	NA
AF542108.1	45659	NA	NA
AF542105.1	45659	NA	NA
AF542115.1	45659	NA	NA
KC510700.1	714978	China	2010-12-31
AF542117.1	45659	NA	NA
AF542113.1	45659	NA	NA
AF542110.1	45659	NA	NA
KF268195.1	108098	USA: Missouri	2004-09-30
EF486496.1	45659	Taiwan	NA
KX691665.1	714978	China	2011-12-31
KX691664.1	714978	China	2010-12-31
KX691663.1	714978	China	2010-12-31
KX691662.1	714978	China	2010-12-31
KX691661.1	714978	China	2010-12-31
KX691660.1	714978	China	2010-12-31
KM659137.1	108098	Democratic Republic of the Congo	NA
KR527450.1	714978	Tunisia	2012-12-31
KC632615.1	10541	Thailand	2012-06-29
KM659159.1	108098	Gabon	NA
KY704409.1	10541	Thailand	2015-12-31
KC632684.1	10541	Thailand	2012-03-29
KR303726.1	108098	India	NA
KR303723.1	108098	India	NA
KR303721.1	108098	India	NA
KR303720.1	108098	India	NA
KP896481.1	10519	China	2013-01-17
KC857700.1	10519	China	2012-01-24
KP896480.1	10519	China	2013-01-18
KP896479.1	10519	China	2013-02-24
MH910668.1	10519	USA: South Carolina	1996-12-31
MH910664.1	10519	USA: Illinois	1996-12-31
MH910663.1	10519	USA: Illinois	1996-12-31
MH697602.1	10519	USA	2017-08-10
MH697601.1	10519	USA	2017-08-02
MH697600.1	10519	USA	2017-07-31
MG696148.1	10519	China	NA
MG696147.1	10519	China	NA
MG696144.1	10519	China	NA
MG696139.1	10519	China	NA
MG696136.1	10519	China	NA
MG696134.1	10519	China	NA
MG696133.1	10519	China	NA
MG696129.1	10519	China	NA
MG696128.1	10519	China	NA
MG923582.1	10519	Russia: Saint Petersburg	2013-09-15
MG923581.1	10519	Russia: Saint Petersburg	2013-09-27
MH355567.1	10519	China	2017-12-31
MH262323.1	10519	USA	2017-02-15
MH262318.1	10519	USA	2016-12-11
KX570682.1	10519	Taiwan	2011-08-31
KX570680.1	10519	Taiwan	2011-06-06
KX570678.1	10519	Taiwan	2011-05-18
KX570677.1	10519	Taiwan	2011-05-16
KX570676.1	10519	Taiwan	2011-04-18
KX570675.1	10519	Taiwan	2011-05-31
KX570674.1	10519	Taiwan	2011-06-10
KX570673.1	10519	Taiwan	2011-05-22
KX570672.1	10519	Taiwan	2011-05-08
KX570671.1	10519	Taiwan	2011-05-15
KX570670.1	10519	Taiwan	2011-06-08
KX570669.1	10519	Taiwan	2011-05-09
KX570668.1	10519	Taiwan	2011-06-24
KX570667.1	10519	Taiwan	2011-05-30
KX570666.1	10519	Taiwan	2011-04-14
KX570665.1	10519	Taiwan	2011-06-29
KX570664.1	10519	Taiwan	2011-06-21
KX570663.1	10519	Taiwan	2011-06-14
KX570662.1	10519	Taiwan	2011-06-06
KX570661.1	10519	Taiwan	2011-06-06
KX570660.1	10519	Taiwan	2011-05-05
KX570659.1	10519	Taiwan	2011-04-25
KX897164.1	10519	China	2014-12-31
KU361344.1	10519	Russia: Volgograd province	2014-03-18
KT963081.1	10519	USA: Oregon	2014-02-18
KP670856.2	10519	China	2011-05-11
KP670855.2	10519	China	2011-07-07
KU351170.2	10519	China	2014-12-31
KP670860.1	10519	China	2012-04-25
KP670858.1	10519	China	2010-07-19
KP670857.1	10519	China	2011-03-08
KM458626.1	10519	China	2012-12-31
KM458622.1	10519	China	2010-12-31
KJ019888.1	10519	China	2011-12-31
KJ019887.1	10519	China	2012-12-31
KJ019886.1	10519	China	2012-12-31
KJ019885.1	10519	China	2011-12-31
KJ019884.1	10519	China	2011-12-31
KJ019883.1	10519	China	2012-12-31
KJ019882.1	10519	China	2011-12-31
KJ019881.1	10519	China	2011-12-31
KJ019880.1	10519	China	2011-12-31
KJ019879.1	10519	China	2012-12-31
KC440171.1	10519	China	2011-03-05
KF268316.1	108098	China: Guangzhou	2011-10-07
KF268314.1	108098	China: Dongguan	2011-03-04
KF268135.1	108098	USA: Iowa	NA
KF268117.1	108098	USA: Iowa	NA
JX625134.1	10519	China	2010-10-31
JX423387.1	108098	USA: Illinios	1997-08-31
JX423383.1	108098	USA: Missouri	2006-03-31
JF800905.1	10519	China: Shaanxi Province	2009-01-07
JQ360620.1	10519	China	2011-07-25
JN860677.1	326124	USA	2008-12-31
GU230898.1	10519	China:Shaanxi Province	2009-01-07
AF053086.1	10519	NA	NA
MG696142.1	10519	China	NA
KC689913.1	10519	China	2012-02-25
KC632596.1	10541	Thailand	2011-08-22
KR303734.1	108098	India	NA
KT069561.1	108098	Democratic Republic of the Congo	NA
KM659161.1	108098	Democratic Republic of the Congo	NA
HQ659699.1	10519	China	2007-10-31
GQ478341.1	10519	China	2008-01-31
AB330088.1	10519	NA	NA
AF065065.3	10519	NA	NA
Z48571.1	10519	NA	NA
AY594255.1	10519	NA	NA
FJ025915.1	585086	NA	NA
AB243009.1	101029	Japan:Kyoto	2003-01-09
KR303735.1	108098	India	NA
KR303737.1	108098	India	NA
KR303738.1	108098	India	NA
KT069556.1	108098	Uganda	NA
FJ025930.1	585080	NA	NA
KC632714.1	10541	Thailand	2010-02-16
FJ025927.1	585096	NA	NA
FJ025914.1	585085	NA	NA
FJ025913.1	585095	NA	NA
X76551.1	10519	NA	NA
AB243118.1	101029	Japan:Osaka	2003-01-09
AB330129.1	39641	NA	NA
EF153473.1	39641	NA	NA
KR303746.1	108098	India	NA
KR303744.1	108098	India	NA
KM677952.1	32608	USA: Ohio	2011-12-31
KM677951.1	32608	USA: Fort Benning, GA	2008-12-31
KM677950.1	32608	USA: Fort Benning, GA	2007-12-31
KM677949.1	32608	USA: MCRD Parris Island, SC	2007-12-31
KM677948.1	32608	USA: MCRD Parris Island, SC	2008-12-31
KM677947.1	32608	USA: MCRD San Diego, CA	2007-12-31
KM677946.1	32608	USA: CGTC Cape May, NJ	2007-12-31
KM677945.1	32608	USA: MCRD Parris Island, SC	2010-12-31
KM677944.1	32608	USA: Fort Leonard Wood, MO	2009-12-31
EF564601.1	459785	NA	NA
EF564600.1	459785	USA	NA
AB330084.1	45659	NA	NA
AY599834.1	45659	NA	NA
AF542125.1	45659	NA	NA
DQ086466.1	45659	NA	NA
KM659165.1	108098	Uganda	NA
JN226751.1	46926	Saudi Arabia	1955-12-31
DQ149622.1	46926	NA	NA
X76549.1	45659	NA	NA
KX083808.1	714978	China	2014-06-30
AB018426.1	10548	NA	NA
KR303736.1	108098	India	NA
KT069550.1	108098	Democratic Republic of the Congo	NA
KM659162.1	108098	Democratic Republic of the Congo	NA
AB330105.1	46926	NA	NA
KX083807.1	714978	China	2014-06-30
U20821.1	39641	NA	NA
KX083809.1	714978	China	2015-06-30
JN226763.1	46939	USA	1981-12-31
AB330125.1	46939	NA	NA
DQ149637.1	46939	NA	NA
KM659168.1	108098	Uganda	NA
MG000754.1	714978	Argentina	2000-09-18
MG000747.1	714978	Argentina	2004-02-06
MG000743.1	714978	Argentina	2005-03-20
MG000741.1	714978	Argentina	2005-03-09
MG000731.1	714978	Argentina	2005-04-25
MG000730.1	714978	Argentina	2005-04-24
MG000726.1	714978	Argentina	2004-03-07
KM677954.1	32608	USA: MCRD San Diego, CA	2013-12-31
KM677953.1	32608	USA: MCRD San Diego, CA	2013-12-31
KY618676.1	130310	Germany	2014-12-31
MG000763.1	714978	Argentina	2000-03-30
KJ626292.1	130310	USA	2009-12-31
KJ626291.1	130310	USA	2009-12-31
AB765926.1	1972755	NA	NA
KF268332.1	130310	Germany	1986-04-06
JN226764.1	46940	USA	1981-12-31
AB330126.1	46940	NA	NA
KF268207.1	1643649	Germany	1987-10-31
DQ149638.1	46940	NA	NA
DQ349216.1	108098	USA	NA
DQ349210.1	108098	USA	NA
DQ349209.1	108098	USA	NA
DQ349208.1	108098	USA	NA
DQ349207.1	10535	USA	NA
AB330101.1	46923	NA	NA
KF268200.1	130310	USA: Indiana	2004-12-31
JN226753.1	46929	USA	1957-12-31
JN226749.1	46923	Saudi Arabia	1954-12-31
EF151417.1	433356	Germany	NA
AB330108.1	46929	NA	NA
DQ149625.1	46929	NA	NA
GQ384080.1	46936	USA	2007-12-31
DQ149619.1	46923	NA	NA
KF279629.1	46925	United Kingdom	1992-12-31
LC314153.1	130310	Japan:Kumamoto	2015-12-08
LC309237.1	130310	Japan	2016-12-31
JQ326209.1	28278	USA	NA
AB330117.1	46936	NA	NA
FJ824826.1	46930	USA	NA
AB330109.1	46930	NA	NA
DQ149626.1	46930	NA	NA
AB448771.1	28278	NA	NA
AB330100.1	28278	NA	NA
DQ149618.1	28278	NA	NA
KF268320.1	130310	Germany	1987-12-13
MK174992.1	130310	Canada	2010-07-31
DQ149631.1	46936	NA	NA
JN226750.1	46925	Saudi Arabia	1955-12-31
HQ007053.1	130310	Canada	2007-12-31
JN162672.1	1091198	United Kingdom	1991-12-31
AB330104.1	46925	NA	NA
AB448774.1	28278	NA	NA
AB448773.1	28278	NA	NA
AB448772.1	28278	NA	NA
AB330133.1	28278	NA	NA
DQ149621.1	46925	NA	NA
KF268213.1	130310	USA	NA
JQ326208.1	1145295	USA: Pittsburgh	1988-12-31
JQ326207.1	1145295	USA: Miami	1954-12-31
EF121005.1	1145295	USA	NA
KF268312.1	130310	Germany	1984-02-05
FJ025918.1	585082	NA	NA
JN226759.1	46943	Netherlands	NA
AB330119.1	46943	NA	NA
DQ149633.1	46943	NA	NA
KM659171.1	108098	Uganda	NA
KM659169.1	108098	Uganda	NA
AB330107.1	46928	NA	NA
EF153474.1	46928	NA	NA
KY704408.1	10541	Thailand	2015-12-31
FJ025923.1	585060	NA	NA
JN163987.1	1076301	NA	NA
DQ149624.1	46928	NA	NA
KM659166.1	108098	Uganda	NA
KF976526.1	130310	Cote d'Ivoire	2011-12-31
KF976531.1	130310	Cote d'Ivoire	2011-12-31
MK736449.1	714978	China	2018-06-30
MK736448.1	714978	China	2018-06-30
MK736453.1	714978	China	2018-08-31
MK736452.1	714978	China	2018-08-31
MK736451.1	714978	China	2018-07-31
MK736450.1	714978	China	2018-07-31
MG000753.1	10541	Argentina	2000-09-17
AY530876.1	175569	NA	NA
AY530878.1	175568	NA	NA
JN657519.1	31544	Paraguay	2010-07-13
KM659139.1	108098	Democratic Republic of the Congo	NA
KR606386.1	714978	Israel	2013-06-06
KP274049.1	130310	Cote d'Ivoire	2011-12-31
AB018425.1	10521	NA	NA
DQ115409.1	10541	NA	NA
EU078562.1	108098	China	NA
MH513942.1	130310	Iran: Ahvaz	NA
LC215426.1	556926	Japan:Kumamoto	2012-05-30
LC215424.1	556926	Japan:Kumamoto	2012-04-11
FJ169625.1	130310	NA	NA
AB330090.1	10527	NA	NA
AJ854486.1	10527	NA	NA
KF268197.1	130310	USA: Connecticut	2004-12-31
AB605245.1	556926	NA	NA
AB605244.1	556926	NA	NA
AB605243.1	556926	NA	NA
AB605242.1	130310	NA	NA
AB369373.1	130310	NA	NA
AB369372.1	130310	NA	NA
AB369371.1	130310	NA	NA
KY618678.1	130310	Germany	2014-12-31
MK116618.1	556926	USA: CA,Los Angeles	2017-06-29
LC215428.1	556926	Japan:Kumamoto	2012-09-19
LC215422.1	556926	Japan:Kumamoto	2012-02-06
AB605241.1	130310	NA	NA
AB605240.1	130310	NA	NA
AB330098.1	46922	NA	NA
KF268327.1	130310	Germany	1988-05-25
AB330113.1	46933	NA	NA
KY618677.1	130310	Germany	2014-12-31
LC215444.1	52275	Japan:Kumamoto	2014-03-26
LC215443.1	52275	Japan:Kumamoto	2014-03-24
LC215440.1	52275	Japan:Kumamoto	2014-03-05
LC215437.1	1907210	Japan:Kumamoto	2014-02-16
LC215436.1	1907210	Japan:Kumamoto	2014-02-03
LC215434.1	1907210	Japan:Kumamoto	2014-01-26
LC215433.1	1907210	Japan:Kumamoto	2014-01-26
LC215429.1	1907210	Japan:Kumamoto	2012-12-19
KP641339.1	130310	Germany	2012-12-31
KF268334.1	130310	Germany	1988-03-27
KF268326.1	130310	Germany	1988-05-19
JN162671.1	1091197	United Kingdom	1992-12-31
HQ910407.1	46922	Saudi Arabia	1954-12-31
AB475146.1	52275	NA	NA
AB475144.1	52275	NA	NA
AB448778.1	52275	NA	NA
JN226756.1	46933	NA	1964-12-31
AB330130.1	218120	NA	NA
DQ393829.1	218120	NA	NA
KF268330.1	130310	Germany	1986-03-07
JN226760.1	46935	El Salvador	1976-12-31
JN226755.1	46932	USA	1958-12-31
AP012285.1	1094363	NA	NA
JN935766.1	1124795	USA	1958-12-31
AB475149.1	52275	NA	NA
AB330120.1	46935	NA	NA
DQ149634.1	46935	NA	NA
KY618679.1	130310	Germany	2013-12-31
DQ149641.1	218120	NA	NA
AB695622.1	28275	NA	NA
KF268324.1	130310	Germany	1987-12-31
AB724351.1	28275	NA	NA
AB695621.1	28275	NA	NA
AB500123.1	52275	NA	NA
AB330111.1	46932	NA	NA
AY875648.1	46941	NA	NA
KF268206.1	130310	Germany	1984-04-09
JN226758.1	46934	NA	1964-12-31
AP012302.1	1101371	NA	NA
DQ149630.1	46934	NA	NA
JN226752.1	46927	USA	1955-12-31
DQ149623.1	46927	NA	NA
KF268208.1	130310	Germany	NA
KF268203.1	130310	USA	NA
KF268122.1	130310	USA: Pittsburgh, Pennsylvania	1988-12-31
KC529648.1	46938	USA	1980-12-31
JN226762.1	46938	USA	1980-12-31
AB500122.1	52275	NA	NA
AB475143.1	52275	NA	NA
AB448777.1	52275	NA	NA
AB448776.1	52275	NA	NA
AB448775.1	52275	NA	NA
AB330118.1	52275	NA	NA
AB330091.1	28275	NA	NA
DQ900900.1	52275	Netherlands	NA
DQ149639.1	46941	NA	NA
DQ149636.1	46938	NA	NA
KF268319.1	130310	Argentina: Cordoba	2009-12-31
HQ883276.1	980087	Argentina	1996-01-31
EF195772.1	46922	Germany	NA
DQ149628.1	46932	NA	NA
KY704407.1	10541	Thailand	2014-12-31
AB330106.1	46927	NA	NA
JN226747.1	46921	USA	1954-12-31
AB475148.1	52275	NA	NA
AB330127.1	46941	NA	NA
AB330124.1	46938	NA	NA
DQ149632.1	52275	NA	NA
MF476839.1	130310	NA	1954-12-31
LC215431.1	880565	Japan:Kumamoto	2013-05-28
LC066535.1	130310	Japan: Osaka	2010-12-31
KJ194509.1	130310	Netherlands	1993-01-10
KF268333.1	130310	USA: Pittsburgh, Pennsylvania	1991-12-31
KF268313.1	130310	USA: Pittsburgh, Pennsylvania	1991-12-31
KF268209.1	130310	USA	NA
JN226748.1	1604283	Saudi Arabia	1954-12-31
AB665252.2	130310	Japan: Osaka	2010-12-31
AB562586.1	28276	NA	NA
AB330114.1	46934	NA	NA
DQ149617.1	28276	NA	NA
DQ149629.1	46933	NA	NA
AB245425.1	10527	Japan:Hiroshima	NA
JN226757.1	46942	USA	1981-12-31
AB330128.1	46942	NA	NA
AB330094.1	46921	NA	NA
DQ149616.1	46921	NA	NA
MF476844.1	130310	NA	NA
MF476843.1	130310	NA	NA
MF476841.1	130310	NA	NA
LC215445.1	880565	Japan:Kumamoto	2010-11-07
LC215430.1	880565	Japan:Kumamoto	2012-11-21
LC215425.1	880565	Japan:Kumamoto	2012-05-30
KF268329.1	130310	Germany	1982-07-02
KF268325.1	130310	Germany	1986-05-19
KF268322.1	130310	Germany	1986-05-19
AB719408.1	880565	Japan: Hyogo prefecture, Himeji city	2011-05-11
AB690367.1	880565	Japan: Osaka	2010-12-31
AB630325.1	880565	Japan: Fukui	NA
HM770721.2	880565	France	2007-12-31
AB562588.1	130310	NA	NA
AB562587.1	46931	NA	NA
AB330110.1	46931	NA	NA
AB330096.1	28276	NA	NA
FJ619037.1	46924	Saudi Arabia	1955-12-31
AB475145.1	52275	NA	NA
FJ404771.1	46924	Saudi Arabia	1955-12-31
DQ792570.1	10532	NA	NA
DQ149642.1	245072	NA	NA
DQ149640.1	46942	NA	NA
DQ149620.1	46924	NA	NA
AF108105.1	46922	NA	NA
MF476842.1	130310	NA	NA
MF476840.1	130310	NA	NA
KX827426.1	130310	Paraguay	2010-07-11
KF268204.1	130310	Germany	1988-05-19
JN226754.1	46931	USA	1958-12-31
MF198454.1	2064736	USA	2010-09-30
KP274043.1	130310	Cote d'Ivoire	2011-12-31
KF268335.1	130310	Germany	1985-09-02
KF268211.1	130310	Germany	1987-04-09
JN226765.1	245072	Netherlands	1988-12-31
AB330132.1	245072	NA	NA
AB330103.1	46924	NA	NA
KF268201.1	130310	Germany	1982-05-10
DQ149627.1	46931	NA	NA
KX868297.2	2461378	Sweden	1977-12-31
MF416150.1	130310	Panama	2010-12-31
DQ149615.1	28275	NA	NA
JN226761.1	46937	France	1981-12-31
AB330123.1	46937	NA	NA
DQ149635.1	46937	NA	NA
JF799911.1	130310	USA	2007-11-17
EU755357.1	10541	Kuwait	2007-04-30
MF198460.1	2064742	USA	2010-09-30
KP329562.1	38430	NA	1957-12-31
KF053123.1	1458443	China	2002-06-09
AB248447.1	10541	Japan	NA
AB248455.1	10541	Japan	NA
KP329565.1	38416	NA	1962-12-31
KC632707.1	45659	Thailand	2012-03-21
KC632706.1	45659	Thailand	2012-03-13
JQ407708.1	108098	France	2008-09-14
KR914483.1	714978	Iraq	2013-09-14
KR527455.1	45659	Tunisia	2012-12-31
KR914485.1	714978	Iraq	2013-09-14
KR527464.1	45659	Tunisia	2012-12-31
AJ272607.1	10521	NA	NA
KF976525.1	130310	Cote d'Ivoire	2011-12-31
KY704437.1	45659	Thailand	2015-12-31
KR914484.1	714978	Iraq	2013-09-14
KY704439.1	45659	Thailand	2015-12-31
KC632676.1	45659	Thailand	2011-01-21
KY704410.1	10519	Thailand	2015-12-31
KC632722.1	45659	Thailand	2012-07-30
KC632702.1	45659	Thailand	2011-08-30
DQ923122.2	332179	USA	NA
AJ272606.1	10541	NA	NA
KC632730.1	45659	Thailand	2010-11-03
KY704441.1	45659	Thailand	2015-12-31
KC632678.1	45659	Thailand	2011-02-25
KC632717.1	45659	Thailand	2011-08-18
KC632675.1	10519	Thailand	2011-01-18
KC632674.1	45659	Thailand	2011-01-09
KC632670.1	45659	Thailand	2010-09-17
KC632668.1	45659	Thailand	2010-09-02
MK955319.1	130309	South Africa	NA
MK955318.1	130309	South Africa	NA
MK955317.1	130309	South Africa	NA
MK955316.1	130309	South Africa	NA
MK955315.1	130309	South Africa	NA
KC632623.1	45659	Thailand	2009-03-18
KY704449.1	45659	Thailand	2015-12-31
KY704444.1	45659	Thailand	2015-12-31
KC632709.1	45659	Thailand	2012-04-10
AJ272611.1	10522	NA	NA
AJ272610.1	10548	NA	NA
KC632669.1	45659	Thailand	2010-09-02
AB330087.1	10534	NA	NA
KM377994.1	315431	China	2014-07-09
KM377991.1	315431	China	2014-07-09
KF976527.1	130310	Cote d'Ivoire	2011-12-31
AB330121.1	28284	NA	NA
L19443.1	130309	NA	NA
KY704451.1	45659	Thailand	2015-12-31
KM378037.1	315431	China	2014-07-09
AB601014.1	45659	Japan: Fukuoka, Tatara River	2010-08-31
MK241690.1	1907210	China: Datong	2017-05-21
LC068720.1	10534	Japan	2005-04-07
LC068719.1	10534	Japan	2005-03-31
LC068718.1	10534	Japan	2004-08-18
LC068717.1	10534	Japan	2004-04-11
LC068716.1	10534	Japan	2003-12-02
LC068715.1	10534	Japan	1994-05-20
LC068714.1	10534	Japan	1993-03-04
LC068712.1	10534	Japan	1987-12-25
KF951595.1	129951	China	2013-02-22
JX423389.1	129951	USA: Philadelphia	2007-07-31
KM378030.1	315431	China	2014-07-09
KM378023.1	315431	China	2014-07-09
KM378022.1	315431	China	2014-07-09
KM378002.1	315431	China	2014-07-09
KC632700.1	45659	Thailand	2011-07-24
MH183293.1	10533	China	2016-02-03
MH121081.1	129951	Germany	NA
JX173082.1	129951	USA	2003-02-02
JX173080.1	129951	Egypt	2001-01-31
MH121116.1	129951	Germany	NA
MH121087.1	129951	Germany	NA
MH121082.1	129951	Germany	NA
LC068713.1	10534	Japan	1987-12-25
JX173085.1	129951	USA	2003-03-02
JX173083.1	129951	USA	2003-02-27
AY512566.1	114408	Hungary	NA
KR025757.1	1712394	China	2013-06-30
MN513345.1	10533	Singapore	2016-09-18
MN513341.1	10533	Singapore	2016-09-15
MK357714.1	1907210	China	2017-05-30
MH121117.1	129951	Germany	NA
MH121110.1	129951	Germany	NA
MH121100.1	129951	Germany	NA
MH121089.1	129951	Germany	NA
KF954054.1	10519	China	2013-03-24
KF954050.1	45659	China	2011-06-20
KJ620246.1	10541	Turkey	2005-12-31
JX173078.1	129951	Argentina	1999-12-31
AF534906.1	10533	NA	NA
MH121113.1	129951	Germany	NA
MH121112.1	129951	Germany	NA
KX494932.1	714978	South Korea	2016-02-22
KJ807383.1	714978	China	2013-03-02
KJ620264.1	10541	Turkey	2006-12-31
KC632683.1	45659	Thailand	2011-09-13
KC632627.1	45659	Thailand	2009-04-02
JX173086.1	129951	USA	2004-01-01
HQ413315.1	10534	USA: Washington, DC	1952-12-31
DQ149613.1	10534	NA	NA
KR025784.1	1712394	China	2013-12-31
KR025761.1	1712394	China	2013-07-31
KR025750.1	1712394	China	2013-06-30
KF053125.1	1458443	China	2002-06-09
MH558113.1	129951	China	2017-04-09
MH121076.1	129951	Germany	NA
MH121075.1	129951	Germany	NA
MH121074.1	129951	Germany	NA
KU162869.1	28284	Finland	1978-12-31
AB330082.1	10533	NA	NA
X51782.1	28284	NA	NA
MH121098.1	129951	Germany	NA
KX494938.1	714978	South Korea	2016-03-07
KR025753.1	1712394	China	2013-06-30
KJ807390.1	714978	China	2009-08-03
MF198448.1	2064730	USA	2010-09-30
KR025751.1	1712394	China	2013-06-30
KC510721.1	10521	China	2010-12-31
MH121108.1	129951	Germany	NA
MF198457.1	2064739	USA	2010-09-30
MF198450.1	2064732	USA	2010-09-30
KR025787.1	1712394	China	2013-12-31
KC632600.1	45659	Thailand	2011-11-22
MH121073.1	129951	Germany	NA
KC632721.1	10519	Thailand	2012-02-15
KC632703.1	45659	Thailand	2011-11-28
KR914486.1	10541	Iraq	2013-09-14
KR025780.1	1712394	China	2013-12-31
KR025759.1	1712394	China	2013-07-31
KR025754.1	1712394	China	2013-06-30
KC632679.1	45659	Thailand	2011-03-29
MF198455.1	2064737	USA	2010-09-30
KR025804.1	1712394	China	2014-02-28
KM877546.1	315431	China	2008-04-11
KM877528.1	315431	China	2007-10-08
KC632682.1	10519	Thailand	2011-08-01
KC632625.1	45659	Thailand	2009-02-16
KR025795.1	1712394	China	2014-01-31
KC632598.1	45659	Thailand	2011-11-07
KC632631.1	45659	Thailand	2009-03-22
MF198453.1	2064735	USA	2010-09-30
KY969113.1	10519	Thailand	2016-11-30
KY969112.1	10519	Thailand	2016-09-30
KY969097.1	45659	Thailand	2016-11-30
KY969096.1	45659	Thailand	2016-04-30
KR025785.1	1712394	China	2013-12-31
KR025782.1	1712394	China	2013-12-31
KY969117.1	10519	Thailand	2016-11-30
KY969114.1	10519	Thailand	2016-11-30
KY969104.1	45659	Thailand	2016-10-31
KY969099.1	45659	Thailand	2016-11-30
KC632643.1	45659	Thailand	2010-07-02
KC632629.1	45659	Thailand	2009-03-01
MF198459.1	2064741	USA	2010-09-30
MF198456.1	2064738	USA	2010-09-30
FJ025903.1	585097	NA	NA
KY969105.1	45659	Thailand	2016-10-31
KY969103.1	45659	Thailand	2016-10-31
MF198449.1	2064731	USA	2010-09-30
KX452138.1	10519	Cameroon	2011-11-09
KX452120.1	45659	Cameroon	2011-11-13
KC632661.1	45659	Thailand	2009-06-13
KC632599.1	45659	Thailand	2011-11-14
FJ025902.1	585098	NA	NA
FJ025899.1	585078	NA	NA
KC632715.1	45659	Thailand	2009-08-03
KC632694.1	45659	Thailand	2011-03-01
MF198461.1	2064743	USA	2010-09-30
KX452141.1	10519	Cameroon	2012-03-13
KX452121.1	45659	Cameroon	2012-03-28
LC129035.1	45659	Japan:Hokkaido, Sapporo	2015-08-05
KY969107.1	45659	Thailand	2016-10-31
KC632658.1	45659	Thailand	2009-06-27
AY771780.1	310540	NA	NA
KY969102.1	45659	Thailand	2016-02-29
MF198458.1	2064740	USA	2010-09-30
KM591901.1	1574627	USA	2010-09-30
KX452131.1	45659	Cameroon	2013-12-19
KY969115.1	10519	Thailand	2016-09-30
KX494973.1	714978	South Korea	2016-05-19
KC632591.1	10519	Thailand	2011-03-31
KX494970.1	714978	South Korea	2016-05-09
KC632681.1	45659	Thailand	2009-06-16
KY969106.1	45659	Thailand	2016-10-31
MF198451.1	2064733	USA	2010-09-30
KX083799.1	45659	China	2015-08-31
KX083798.1	45659	China	2015-08-31
KX083797.1	45659	China	2015-08-31
KX083796.1	45659	China	2015-08-31
KX083795.1	45659	China	2015-08-31
KX083794.1	45659	China	2015-08-31
KX083790.1	45659	China	2015-07-31
KX083789.1	45659	China	2015-07-31
KX083788.1	45659	China	2015-07-31
KX083784.1	45659	China	2015-07-31
KX083783.1	45659	China	2015-07-31
KX083782.1	45659	China	2015-07-31
KX083779.1	45659	China	2015-07-31
KX083778.1	45659	China	2015-06-30
KX083777.1	45659	China	2015-06-30
KX083776.1	45659	China	2015-06-30
KX083775.1	45659	China	2015-06-30
KX083774.1	45659	China	2015-06-30
KX083773.1	45659	China	2015-06-30
KX083772.1	45659	China	2015-06-30
KX083770.1	45659	China	2015-06-30
KX083769.1	45659	China	2015-06-30
KX083768.1	45659	China	2015-06-30
KX083767.1	45659	China	2014-09-30
KX083766.1	45659	China	2014-08-31
KX083765.1	45659	China	2014-08-31
KX083764.1	45659	China	2014-07-31
KX083763.1	45659	China	2014-07-31
KX083762.1	45659	China	2014-07-31
KX083761.1	45659	China	2014-06-30
KX083760.1	45659	China	2014-06-30
KX083759.1	45659	China	2014-07-31
KX083758.1	45659	China	2014-06-30
KX083757.1	45659	China	2014-06-30
KX083756.1	45659	China	2014-06-30
KX083755.1	45659	China	2014-06-30
KX083754.1	45659	China	2014-06-30
KX083753.1	45659	China	2014-06-30
KX083752.1	45659	China	2014-06-30
KX083751.1	45659	China	2014-06-30
KX083750.1	45659	China	2014-06-30
KX083749.1	45659	China	2014-06-30
KX083747.1	45659	China	2014-06-30
KX083746.1	45659	China	2014-06-30
KX083744.1	45659	China	2014-06-30
KX083743.1	45659	China	2014-06-30
KX083741.1	45659	China	2014-06-30
KX083740.1	45659	China	2014-06-30
KX083739.1	45659	China	2014-06-30
KF053126.1	1458443	China	2002-06-09
KX494978.1	714978	South Korea	2016-05-02
KX494966.1	714978	South Korea	2016-05-02
KX083793.1	45659	China	2015-08-31
KX083787.1	45659	China	2015-07-31
KX083786.1	45659	China	2015-07-31
KX083780.1	45659	China	2015-07-31
KX083771.1	45659	China	2015-06-30
KX083748.1	45659	China	2014-06-30
KX083745.1	45659	China	2014-06-30
KX083742.1	45659	China	2014-06-30
KF976533.1	130310	Uganda	2009-12-31
KF976524.1	130310	Democratic Republic of the Congo	2010-12-31
JN176457.1	10541	United Kingdom	2002-12-31
KX083800.1	10519	China	2014-06-30
KX083781.1	45659	China	2015-07-31
KF976523.1	130310	Democratic Republic of the Congo	2010-12-31
KY704450.1	45659	Thailand	2015-12-31
KF976522.1	130310	Democratic Republic of the Congo	2010-12-31
MG969551.1	38418	NA	1954-12-31
KX083806.1	10519	China	2015-09-30
KX083805.1	10519	China	2015-07-31
KX083804.1	10519	China	2014-08-31
KX083803.1	10519	China	2014-08-31
KX083802.1	10519	China	2014-06-30
KX083801.1	10519	China	2014-06-30
KF835447.1	879186	China	2005-12-31
LC129029.1	45659	Japan:Hokkaido, Sapporo	2014-07-19
KM591902.1	1574628	USA	2010-09-30
KF976532.1	130310	Uganda	2009-12-31
KY704442.1	45659	Thailand	2015-12-31
KY969098.1	45659	Thailand	2016-10-31
KY704443.1	45659	Thailand	2015-12-31
KX083791.1	45659	China	2015-07-31
KF976528.1	130310	Cote d'Ivoire	2011-12-31
KY969109.1	45659	Thailand	2016-10-31
KX494930.1	714978	South Korea	2016-02-22
KF976521.1	130310	Democratic Republic of the Congo	2010-12-31
HQ003817.1	129951	Russia	1997-10-31
KX494976.1	714978	South Korea	2016-05-23
KF976534.1	130310	Uganda	2009-12-31
KR025792.1	1712394	China	2014-01-31
KF279625.1	10541	United Kingdom	1986-12-31
KY704445.1	45659	Thailand	2015-12-31
KY969100.1	45659	Thailand	2016-11-30
KX083785.1	45659	China	2015-07-31
KR025788.1	1712394	China	2014-01-31
KX494975.1	714978	South Korea	2016-05-19
KX494977.1	714978	South Korea	2016-06-02
KF976529.1	130310	Cote d'Ivoire	2011-12-31
JF964962.1	1069441	Japan	2003-12-31
KC693023.1	1962300	USA	1997-02-28
AJ293903.1	10515	Germany	NA
LC504573.1	129951	Japan	2015-12-31
MH121114.1	129951	Germany	NA
MH121097.1	129951	Germany	NA
KX494968.1	714978	South Korea	2016-05-02
KX384959.1	10515	USA: Fort Jackson, SC	2002-11-28
JX173079.1	129951	Argentina	2001-12-31
MG872324.1	10529	Tunisia	2011-12-31
KX083792.1	45659	China	2015-08-31
JN163980.1	1076310	NA	NA
KF268119.1	129875	USA: Colorado	2004-12-31
KC693022.1	1962300	USA	1997-02-28
KF279624.1	10522	United Kingdom	1983-12-31
KF053130.1	1458443	China	2002-06-22
KY704446.1	45659	Thailand	2015-12-31
KY704411.1	10519	Thailand	2015-12-31
KP732094.1	129951	China	2008-06-19
MK357715.1	1907210	China	2016-05-04
MK165453.1	129951	China	2004-12-24
MK165452.1	129951	China	2000-07-04
MH121099.1	129951	Germany	NA
MH121095.1	129951	Germany	NA
MH121079.1	129951	Germany	NA
MH121078.1	129951	Germany	NA
MF315029.1	129951	China	2013-03-15
KR699642.1	129951	China	2009-01-19
KP274042.1	130310	Cote d'Ivoire	2011-12-31
KM458627.1	10515	China	2012-12-31
KP696777.1	129951	China	2009-01-21
KY969108.1	45659	Thailand	2016-10-31
MN513344.1	10533	Singapore	2016-10-11
MH121092.1	129951	Germany	NA
KP732095.1	129951	China	2009-03-02
KC513572.1	10535	Indonesia	2010-12-31
KY704461.1	45659	Thailand	2015-12-31
KP662348.1	714978	China	2012-12-31
JN163985.1	1076305	NA	NA
Y17248.1	46922	NA	NA
KY969116.1	10519	Thailand	2016-09-30
KY969110.1	45659	Thailand	2016-10-31
LC129036.1	45659	Japan:Hokkaido, Sapporo	2015-12-16
DQ115435.1	10522	NA	NA
JX117836.1	565303	Mexico	NA
KX513974.1	714978	South Korea	2014-04-08
KX513973.1	714978	South Korea	2014-04-06
KX513972.1	714978	South Korea	2014-03-31
KX513971.1	714978	South Korea	2014-03-31
KX513970.1	714978	South Korea	2014-03-26
KX513969.1	714978	South Korea	2014-03-23
KX513968.1	714978	South Korea	2014-03-23
KX513967.1	714978	South Korea	2014-03-20
KX513966.1	714978	South Korea	2014-03-16
KX513965.1	714978	South Korea	2014-03-13
KX513963.1	714978	South Korea	2014-03-03
KX513961.1	714978	South Korea	2014-03-01
KX513959.1	714978	South Korea	2014-02-21
KX513957.1	714978	South Korea	2014-02-13
KX513956.1	714978	South Korea	2014-02-12
KX513955.1	714978	South Korea	2013-06-24
KX513954.1	714978	South Korea	2013-06-20
KX227469.1	714978	South Korea	2013-06-17
KX227468.1	714978	South Korea	2013-05-07
KX227467.1	714978	South Korea	2013-04-30
KX227466.1	714978	South Korea	2013-04-19
KX227465.1	714978	South Korea	2013-04-18
KX227464.1	714978	South Korea	2013-04-11
KX227463.1	714978	South Korea	2013-01-26
KX227462.1	714978	South Korea	2012-12-12
KC510734.1	107462	China	2010-12-31
KY704462.1	45659	Thailand	2015-12-31
KX494963.1	714978	South Korea	2016-04-28
KY969101.1	45659	Thailand	2016-07-31
KY969111.1	45659	Thailand	2016-10-31
KX494940.1	714978	South Korea	2016-02-28
AB099388.1	52275	NA	NA
AB099377.1	39641	NA	NA
JQ412619.1	45659	China	2008-12-31
AB161033.1	52275	Japan:Hokkaido, Sapporo	NA
JQ412620.1	45659	China	2008-12-31
JQ412616.1	45659	China	2008-12-31
JQ412605.1	45659	China	2009-12-31
JQ412604.1	45659	China	2009-12-31
JQ412603.1	45659	China	2009-12-31
MK674657.1	10541	Thailand	2016-05-28
AB161032.1	52275	Japan:Hokkaido, Sapporo	NA
JQ412618.1	45659	China	2008-12-31
JN163973.1	1076319	NA	NA
AB099368.1	52275	NA	NA
AB099365.1	46933	NA	NA
AB099364.1	46932	NA	NA
AB099361.1	46929	NA	NA
AB099353.1	46922	NA	NA
AB099349.1	10527	NA	NA
KR025802.1	1712394	China	2014-03-31
JQ412624.1	45659	China	2009-12-31
JQ412611.1	45659	China	2010-12-31
MK674656.1	10541	Thailand	2013-12-28
AB099373.1	46939	NA	NA
AB099358.1	46926	NA	NA
HQ326157.1	10521	South Korea	NA
Y17252.1	52275	NA	NA
KC747649.1	714978	South Korea	2009-12-31
Y17251.1	46930	NA	NA
AB099374.1	46940	NA	NA
AB099355.1	46923	NA	NA
KR025800.1	1712394	China	2014-02-28
JN163998.1	1076325	NA	NA
JQ412625.1	45659	China	2009-12-31
JQ412623.1	45659	China	2009-12-31
JQ412615.1	45659	China	2010-12-31
JQ412609.1	45659	China	2010-12-31
AB099378.1	218120	NA	NA
AB099375.1	46941	NA	NA
AB099352.1	28276	NA	NA
AB099351.1	46921	NA	NA
KY969119.1	10519	Thailand	2016-09-30
MF176133.1	1916699	Tanzania	2012-12-31
KX691687.1	32608	China	2010-12-31
AB099370.1	46935	NA	NA
AB099369.1	46943	NA	NA
AB099366.1	46934	NA	NA
AB099362.1	46930	NA	NA
AB099359.1	46927	NA	NA
KY969118.1	10519	Thailand	2016-11-30
KY969120.1	10519	Thailand	2016-06-30
JN572915.1	28276	Paraguay	2010-07-13
AB099379.1	245072	NA	NA
AB099376.1	46942	NA	NA
AB099372.1	46938	NA	NA
AB099363.1	46931	NA	NA
AB099357.1	46925	NA	NA
AB099356.1	46924	NA	NA
AB099354.1	28278	NA	NA
AB099350.1	28275	NA	NA
EF653225.2	10521	USA: California	2005-12-31
AB099371.1	46937	NA	NA
AB099367.1	46936	NA	NA
AB099360.1	46928	NA	NA
KY704448.1	45659	Thailand	2014-12-31
GQ336974.1	10541	Australia	1991-01-06
EF653226.2	10521	USA: California	2005-12-31
KY704447.1	45659	Thailand	2015-12-31
KM378014.1	315431	China	2014-07-09
KX494965.1	714978	South Korea	2016-05-02
KX083880.1	46943	China	2014-06-30
AB099384.1	28278	NA	NA
KR025790.1	1712394	China	2013-12-31
KY704456.1	45659	Thailand	2015-12-31
KY969123.1	46921	Thailand	2016-01-31
Y17250.1	28278	NA	NA
KX494969.1	714978	South Korea	2016-05-02
KX494942.1	714978	South Korea	2016-03-07
AJ749860.1	10521	NA	NA
KX494937.1	714978	South Korea	2016-03-02
KC747645.1	10541	South Korea	2009-12-31
MF472624.1	32608	USA	2015-12-31
AF321311.1	10519	Israel	NA
Y17247.1	10527	NA	NA
KX494941.1	714978	South Korea	2016-03-10
KX494943.1	714978	South Korea	2016-03-07
AJ272608.1	31544	NA	NA
KX083888.1	1145295	China	2015-07-31
KX083885.1	1145295	China	2015-06-30
AJ494847.1	10522	Germany:Nordrhein-Westfalen	NA
AB661338.1	880565	Japan: Fukuoka	2011-02-28
KX083890.1	1145295	China	2015-09-30
KX083887.1	1145295	China	2015-07-31
KX083886.1	1145295	China	2015-06-30
KX083884.1	1145295	China	2014-09-30
KX083883.1	1145295	China	2014-08-31
KX083882.1	1145295	China	2014-08-31
KX083881.1	1145295	China	2014-06-30
HQ913600.1	994672	USA	2009-05-18
AJ272605.1	10519	NA	NA
AJ272604.1	45659	NA	NA
KY969126.1	46922	Thailand	2016-05-31
AJ272613.1	107678	NA	NA
KY704434.1	45659	Thailand	2015-12-31
KC632696.1	880565	Thailand	2011-04-26
AJ272609.1	32608	NA	NA
KY704458.1	45659	Thailand	2015-12-31
KX083878.1	52275	China	2015-09-30
KX083877.1	52275	China	2015-09-30
KX083876.1	52275	China	2015-09-30
KX083874.1	52275	China	2015-09-30
KX083873.1	52275	China	2015-09-30
KX083872.1	52275	China	2015-09-30
KX083871.1	52275	China	2015-09-30
KX083870.1	52275	China	2015-09-30
KX083869.1	52275	China	2015-09-30
KX083868.1	52275	China	2015-09-30
KX083867.1	52275	China	2015-09-30
KX083866.1	52275	China	2015-09-30
KX083865.1	52275	China	2015-09-30
KX083863.1	52275	China	2015-09-30
KX083855.1	52275	China	2015-07-31
KX083853.1	52275	China	2015-07-31
KX083850.1	52275	China	2015-06-30
KX083848.1	52275	China	2015-06-30
KX083845.1	52275	China	2014-08-31
KX083844.1	52275	China	2014-07-31
KX083843.1	52275	China	2014-06-30
KX083842.1	52275	China	2014-06-30
KC632624.1	46922	Thailand	2009-03-18
AJ272616.1	107681	NA	NA
AY819923.1	108098	NA	NA
AY819906.1	108098	NA	NA
KX494967.1	714978	South Korea	2016-05-02
U75954.1	10519	NA	NA
MK736447.1	32608	China	2018-06-30
KY704464.1	45659	Thailand	2015-12-31
U75956.1	10519	NA	NA
AY380333.1	32608	NA	NA
U75951.1	10519	NA	NA
X76552.1	45659	NA	NA
DQ115420.1	32608	NA	NA
KY969125.1	46922	Thailand	2016-11-30
KY704454.1	45659	Thailand	2015-12-31
U75952.1	10519	NA	NA
U77390.1	10519	NA	NA
KX083879.1	52275	China	2015-09-30
KX083875.1	52275	China	2015-09-30
KX083862.1	52275	China	2015-09-30
KX083858.1	52275	China	2015-08-31
KX083852.1	52275	China	2015-07-31
KX083851.1	52275	China	2015-06-30
KX083849.1	52275	China	2015-06-30
KX083847.1	52275	China	2015-06-30
AY819905.1	108098	NA	NA
LC198621.1	1930638	Japan:Fukuoka, Tatara river	2014-12-02
KX083864.1	52275	China	2015-09-30
KX083861.1	52275	China	2015-08-31
KX083860.1	52275	China	2015-08-31
KX083856.1	52275	China	2015-08-31
KX083846.1	52275	China	2014-08-31
AY819910.1	108098	NA	NA
AY819909.1	108098	NA	NA
AY819907.1	108098	NA	NA
AB437264.1	108098	NA	NA
KC632705.1	10533	Thailand	2012-03-13
AY819926.1	108098	NA	NA
AY819913.1	108098	NA	NA
KX083889.1	1145295	China	2015-08-31
KC632606.1	10533	Thailand	2012-05-01
KX083859.1	52275	China	2015-08-31
KX083841.1	46933	China	2015-09-30
KX083840.1	46933	China	2015-07-31
KR025793.1	1712394	China	2014-01-31
KC632723.1	10533	Thailand	2012-08-26
AY819924.1	108098	NA	NA
GU569846.1	32608	Hong Kong	2008-08-31
KC632718.1	10533	Thailand	2011-12-25
MH371129.1	32608	USA	2016-03-31
KM103671.1	108098	India	2014-02-02
Y17244.1	10533	NA	NA
MH371128.1	32608	USA	2016-03-31
X98359.1	28278	NA	NA
MH371132.1	32608	USA	2016-03-31
JN572911.1	10533	Paraguay	2010-05-18
KY704436.1	45659	Thailand	2015-12-31
KY704359.1	10533	Thailand	2015-12-31
KP268125.1	108098	Bangladesh: Dhaka	2006-09-18
KF954034.1	10533	China	2013-04-22
EF503570.1	108098	USA: Georgia, Fort Benning	2006-03-31
EF503569.1	108098	USA: California, San Diego	2006-03-31
MK411402.1	108098	India	2012-12-31
KY969124.1	880565	Thailand	2016-03-31
KM877537.1	315431	China	2008-02-11
KC632662.1	10533	Thailand	2010-01-26
JN657521.1	10533	Paraguay	2010-08-18
AB601012.1	10533	Japan: Fukuoka, Tatara River	2010-09-30
EF503568.1	108098	USA: Illinois, Great Lakes	2006-03-31
KY704457.1	45659	Thailand	2015-12-31
KY704432.1	45659	Thailand	2015-12-31
MH371133.1	32608	USA	2016-03-31
MH371131.1	32608	USA	2016-03-31
MH371130.1	32608	USA	2016-03-31
KM877525.1	315431	China	2007-09-15
KC632680.1	10533	Thailand	2011-07-16
KC632657.1	10533	Thailand	2009-09-03
KY704465.1	45659	Thailand	2015-12-31
KY704363.1	10533	Thailand	2015-12-31
KM377992.1	315431	China	2014-07-09
KY704435.1	45659	Thailand	2015-12-31
KC632666.1	10533	Thailand	2010-08-15
KC632664.1	10533	Thailand	2010-02-03
AB375857.1	45659	Japan	NA
KC632663.1	10533	Thailand	2010-01-28
KC632633.1	10533	Thailand	2009-01-10
KM378026.1	315431	China	2014-07-09
KC632659.1	10533	Thailand	2010-01-05
KC632620.1	10533	Thailand	2009-01-23
KC632595.1	10533	Thailand	2011-06-26
KM377990.1	315431	China	2014-07-09
KM377989.1	315431	China	2014-07-09
Y17245.1	10534	NA	NA
KF954032.1	10533	China	2011-06-20
KF954030.1	10533	China	2013-01-28
DQ115412.1	10521	NA	NA
KY969082.1	10533	Thailand	2016-08-31
KY969081.1	10533	Thailand	2016-10-31
KR025755.1	1712394	China	2013-06-30
KC632710.1	10533	Thailand	2009-10-06
KC632704.1	10533	Thailand	2012-03-07
KM877532.1	315431	China	2007-12-20
KC632734.1	10533	Thailand	2009-08-23
EU867473.1	45659	Germany	2005-11-30
DQ115434.1	10548	NA	NA
KY969084.1	10533	Thailand	2016-10-31
KY969080.1	10533	Thailand	2016-10-31
KY969079.1	10533	Thailand	2016-05-31
KC632713.1	10533	Thailand	2010-01-13
KC632646.1	10533	Thailand	2010-10-12
KC632602.1	10533	Thailand	2011-12-13
KC632686.1	10533	Thailand	2010-07-28
KM877544.1	315431	China	2008-03-29
KC632728.1	10533	Thailand	2010-06-16
KC632583.1	10533	Thailand	2011-02-21
KY969083.1	10533	Thailand	2016-10-31
KC632690.1	10533	Thailand	2011-01-12
KC632688.1	10533	Thailand	2010-11-23
KC632642.1	10533	Thailand	2010-07-20
KC632621.1	10533	Thailand	2009-01-28
KC632581.1	10533	Thailand	2011-02-05
KC632692.1	10533	Thailand	2011-02-14
KC632655.1	10533	Thailand	2009-07-30
KC632653.1	10533	Thailand	2011-01-10
KC632652.1	10533	Thailand	2011-01-09
KC632586.1	10533	Thailand	2011-03-02
KC632616.1	10534	Thailand	2012-07-05
KC632609.1	10534	Thailand	2012-05-09
JN572914.1	10534	Paraguay	2010-07-01
JN657518.1	10534	Paraguay	2010-06-27
KY511691.1	1907210	China	NA
KY511679.1	1907210	China	NA
KY511678.1	1907210	China	NA
KY704453.1	45659	Thailand	2015-12-31
KX452140.1	10519	Cameroon	2012-02-13
KC632712.1	10533	Thailand	2010-01-05
KC632727.1	10533	Thailand	2010-06-09
MK411409.1	108098	India	2012-12-31
KY704433.1	45659	Thailand	2015-12-31
KY969086.1	10533	Thailand	2016-05-31
KC632588.1	10533	Thailand	2011-03-07
KY704425.1	45659	Thailand	2015-12-31
KR025752.1	1712394	China	2013-05-31
KY704413.1	45659	Thailand	2015-12-31
KY704366.1	10533	Thailand	2015-12-31
KX083810.1	10533	China	2015-08-31
KP662349.1	10519	China	2012-12-31
KP662340.1	10519	China	2012-12-31
KY704429.1	45659	Thailand	2015-12-31
KY704424.1	45659	Thailand	2015-12-31
KY704422.1	45659	Thailand	2015-12-31
KT266797.1	10519	USA	2014-11-30
HM057191.1	326124	USA	NA
AY628149.1	10519	USA	NA
AY337257.1	10519	NA	NA
AY337256.1	10519	NA	NA
AY337255.1	10519	NA	NA
AY337254.1	10519	NA	NA
AY337253.1	10519	NA	NA
JQ815086.1	10521	Canada	2010-12-31
FJ744159.1	45659	Ireland	NA
AJ250787.1	10522	NA	NA
AJ250786.1	10548	NA	NA
AJ250783.1	10521	NA	NA
KU872860.1	1916696	Czech Republic	2011-12-31
KM378011.1	315431	China	2014-07-09
KM377998.1	315431	China	2014-07-09
KF802429.1	1521028	Germany	2008-07-31
AJ250782.1	10541	NA	NA
KX784088.1	108098	China	2014-06-05
JF713014.1	10541	China	2007-03-31
JF713013.1	10541	China	2007-03-31
KF954041.1	10515	China	2012-11-12
KY624842.1	1916699	Uganda	2012-12-31
KY624841.1	1916699	Uganda	2012-12-31
KY969075.1	10515	Thailand	2016-02-29
KM378038.1	315431	China	2014-07-09
KM377988.1	315431	China	2014-07-09
KC632607.1	10534	Thailand	2012-05-04
JF713020.1	10541	China	2010-04-30
JF713012.1	10541	China	2007-04-30
KY704355.1	10533	Thailand	2015-12-31
KF954040.1	10534	China	2013-04-22
KF279628.1	32608	United Kingdom	1984-12-31
KY969072.1	10515	Thailand	2016-04-30
KU872854.1	1916699	Czech Republic	2011-12-31
KC632604.1	10534	Thailand	2012-03-13
JF713017.1	10541	China	2008-04-30
JF713016.1	10541	China	2008-01-31
JF713015.1	10541	China	2007-07-31
JF713010.1	10541	China	2006-03-31
LC385828.1	1146877	Japan: Tokyo, Hinohara	2015-07-09
KY704459.1	45659	Thailand	2015-12-31
KF954038.1	10534	China	2012-03-19
KY704460.1	45659	Thailand	2015-12-31
KY704455.1	45659	Thailand	2015-12-31
AY288111.1	32608	NA	NA
KR025766.1	1712394	China	2013-08-31
JF713011.1	10541	China	2007-04-30
KC632711.1	10534	Thailand	2010-01-05
KC632626.1	10534	Thailand	2009-02-18
AB601013.1	10533	Japan: Fukuoka, Yabe River	2010-09-30
KY704431.1	45659	Thailand	2015-12-31
KX083854.1	52275	China	2015-07-31
KR090756.1	45659	China	2012-09-23
KR025768.1	1712394	China	2013-08-31
KC632726.1	10534	Thailand	2010-01-13
KY704467.1	10519	Thailand	2015-12-31
KM659158.1	108098	Gabon	NA
MK674652.1	10519	Thailand	2016-05-29
KR090809.1	45659	China	2011-07-18
KR090818.1	45659	China	2011-07-03
KR090796.1	45659	China	2013-08-06
KR090744.1	45659	China	2012-08-05
JF713022.1	10521	China	2010-03-31
JF713021.1	10521	China	2009-11-30
GU014392.1	108098	Argentina	2003-12-31
AY337258.1	10519	NA	NA
MK674651.1	10519	Thailand	2013-05-25
MK674649.1	10519	Thailand	2011-09-12
KY704430.1	45659	Thailand	2015-12-31
MK674653.1	10519	Thailand	2016-02-25
KR090803.1	45659	China	2011-08-07
KR090776.1	45659	China	2013-06-30
HM449015.1	108098	Canada	2008-04-14
EU244858.1	10519	Viet Nam	NA
KP268148.1	108098	Bangladesh: Dhaka	2007-09-01
KP268128.1	108098	Bangladesh: Dhaka	2006-10-30
KP268126.1	108098	Bangladesh: Dhaka	2006-09-24
KT832672.1	130309	China	2014-07-27
JN168847.1	10521	China	2009-11-30
JQ412717.1	10519	China	2010-12-31
JQ412713.1	10519	China	2010-12-31
JQ412705.1	10519	China	2010-12-31
JQ412697.1	10519	China	2010-12-31
JQ412692.1	10519	China	2009-12-31
JQ412690.1	10519	China	2009-12-31
JQ412685.1	10519	China	2009-12-31
JQ412684.1	10519	China	2009-12-31
JQ412681.1	10519	China	2009-12-31
JQ412680.1	10519	China	2009-12-31
JQ412673.1	10519	China	2009-12-31
KY704368.1	10533	Thailand	2014-12-31
KC570878.1	10519	Taiwan	2002-09-04
MH133248.1	45659	Taiwan	2014-01-19
KY704466.1	45659	Thailand	2015-12-31
KR090779.1	45659	China	2013-07-31
JQ412707.1	10519	China	2010-12-31
JQ412702.1	10519	China	2010-12-31
JQ412682.1	10519	China	2009-12-31
KU761583.1	35265	China	2015-07-31
MH133249.1	45659	Taiwan	2014-10-26
JQ838601.1	10521	China	2010-04-30
AY303953.1	278109	NA	NA
KJ807391.1	10521	China	2009-06-13
KJ807386.1	10521	China	2013-05-26
KJ807385.1	10521	China	2013-05-06
DQ177310.1	45659	China	NA
MN513347.1	28280	Singapore	2016-11-03
MN513346.1	28280	Singapore	2016-10-30
MN513343.1	28280	Singapore	2016-10-10
MN513340.1	28280	Singapore	2016-08-01
MN513339.1	28280	Singapore	2016-07-01
MN513338.1	28280	Singapore	2016-09-22
AB679756.1	35263	Japan: Sapporo, Hokkaido University Hospital	2000-12-31
AB679755.1	35263	Japan: Sapporo, Hokkaido University Hospital	1990-12-31
AB679754.1	35263	Japan: Sapporo, Hokkaido University Hospital	1983-12-31
AP014851.1	35263	USA	2010-12-31
AP014850.1	35263	USA	2000-12-31
AP014849.1	35263	USA	2000-12-31
AP014848.1	35263	USA	2000-12-31
AP014847.1	35263	USA	2008-12-31
AP014846.1	35263	USA	2001-12-31
AP014844.1	35263	USA	2003-12-31
AP014843.1	35263	USA	2010-12-31
AP014842.1	35263	USA	2007-12-31
AP014841.1	35263	USA	2005-12-31
AP014840.1	35263	USA	2004-12-31
MG030483.1	28280	USA	2016-09-07
KY969087.1	10533	Thailand	2016-11-30
KY996452.1	130308	Japan	1980-12-31
KY996451.1	130308	USA: New York	2012-08-18
KY996449.1	130308	USA: New York	2013-02-22
KY996444.1	130308	USA	2014-12-10
KY996442.1	130308	USA: New York	2014-02-12
MF002042.1	130308	USA	2015-01-12
KX384956.1	28280	France	1977-12-31
KX384955.1	28280	USA: New Mexico	1984-12-31
KX384954.1	28280	USA: Fort Jackson, SC	2000-12-31
KX384952.1	28280	USA: Fort Jackson, SC	1997-12-31
KX384951.1	28280	USA: Indio, CA	1994-12-31
KP723154.1	28280	China	2013-09-15
KP723152.1	28280	China	2009-08-27
KM458629.1	28280	China	2012-12-31
KF006344.1	28280	China: Guangzhou	2008-05-31
AY599837.1	28280	USA: Lackland Air Force Base	NA
AY337252.1	28280	NA	NA
AY337251.1	28280	NA	NA
AY337250.1	28280	NA	NA
AY337249.1	28280	NA	NA
AY337248.1	28280	NA	NA
AY337247.1	28280	NA	NA
AY337246.1	28280	NA	NA
AY337243.1	28280	NA	NA
AY337242.1	28280	NA	NA
AY337241.1	28280	NA	NA
AY337240.1	28280	NA	NA
AY337238.1	28280	NA	NA
AY337237.1	28280	NA	NA
AF065064.3	28280	NA	NA
KY704350.1	45659	Thailand	2015-12-31
KC510736.1	10519	China	2010-12-31
KX868498.2	28280	Sweden	1999-12-31
AP014845.1	35263	USA	2008-12-31
KY704426.1	45659	Thailand	2015-12-31
KY704358.1	10533	Thailand	2015-12-31
KY996453.1	130308	USA	2010-12-31
KY996450.1	130308	USA: New York	2012-04-25
KY996448.1	130308	USA: New York	2014-02-09
KY996446.1	130308	USA: New York	2015-01-29
KX384945.1	28280	USA: Fort Jackson, SC	2002-11-25
AY599835.1	28280	USA: Ft. Jackson	NA
AY337244.1	28280	NA	NA
KM659130.1	130308	Uganda	NA
KY704463.1	45659	Thailand	2015-12-31
KY704356.1	10533	Thailand	2015-12-31
KM659131.1	130308	Cote d'Ivoire	NA
FJ943634.1	45659	Germany	2007-02-28
FJ943583.1	45659	Germany	2001-10-31
EU867490.1	45659	Germany	2007-02-28
AY337245.1	28280	NA	NA
AF161570.1	10541	NA	NA
KY704415.1	45659	Thailand	2015-12-31
FJ025921.1	585091	NA	NA
FJ025920.1	585064	NA	NA
FJ025919.1	585092	NA	NA
FJ943630.1	45659	Germany	2007-02-28
AY530877.1	35266	NA	NA
EU867487.1	45659	Germany	2007-02-28
AP014853.1	1643781	USA	2003-12-31
AP014852.1	1643781	USA	1999-12-31
KY996447.1	130308	USA: New York	2015-02-03
MF002043.1	130308	USA	1965-12-31
KX384957.1	28280	USA: New York	1980-12-31
KX384950.1	28280	USA: Minnesota	1970-12-31
KX384949.1	28280	USA: Fort Leonard Wood, Missouri	1952-12-31
KX384948.1	28280	USA: New Jersey	1965-12-31
KX384947.1	28280	Egypt	1967-12-31
KX384946.1	28280	USA: Georgia	1985-12-31
EF371058.2	130308	USA: Cape May, DE	NA
FJ025922.1	585072	NA	NA
FJ943590.1	45659	Germany	2001-12-31
EU867489.1	45659	Germany	2007-02-28
AB330085.1	28280	NA	NA
AY487947.1	130308	NA	NA
AY337239.1	28280	NA	NA
AY594254.1	28280	NA	NA
AF065063.3	28280	NA	NA
AF065062.2	28280	NA	NA
AF161574.1	10522	NA	NA
AF161573.1	10548	NA	NA
AF161571.1	10521	NA	NA
AY594253.1	28280	NA	NA
EU513209.1	108098	China	NA
AJ749861.1	107462	NA	NA
KY969074.1	10515	Thailand	2016-01-31
KC570906.1	45659	Taiwan	2003-01-07
KC570876.1	45659	Taiwan	2005-03-15
EU513210.1	108098	China	NA
EU867488.1	45659	Germany	2007-02-28
EU867456.1	45659	Germany	2002-01-31
JN254802.1	1123958	NA	1968-12-31
FJ025924.1	585073	NA	NA
EU513211.1	108098	China	NA
KC570877.1	45659	Taiwan	2009-11-30
KC570875.1	45659	Taiwan	2002-11-17
FJ943586.1	45659	Germany	2001-11-30
AF394196.1	175567	NA	NA
AF542122.1	28280	NA	NA
FJ025917.1	585070	NA	NA
EU867477.1	45659	Germany	2006-07-31
X84646.1	28280	NA	NA
KC747647.1	10548	South Korea	2009-12-31
AY819908.1	108098	NA	NA
KY969121.1	46921	Thailand	2016-10-31
KP184508.1	108098	India	2014-02-15
FJ167583.1	10519	Russia: Nizhny Novgorod	2005-12-16
KC510731.1	45659	China	2010-12-31
KC510725.1	45659	China	2010-12-31
JF713005.1	10519	China	2009-03-31
AY819918.1	108098	NA	NA
KX513964.1	714978	South Korea	2014-03-05
KX513962.1	714978	South Korea	2014-03-02
KX513960.1	714978	South Korea	2014-03-02
KX513958.1	714978	South Korea	2014-02-23
KP184509.1	108098	India	2014-03-17
KF495152.1	10519	China: Chongqing	2010-08-18
JQ838585.1	10541	China	2010-04-30
MN199307.1	10519	United Kingdom	2018-03-31
MN199306.1	10519	United Kingdom	2017-12-31
KY969088.1	10533	Thailand	2016-03-31
KY704357.1	10533	Thailand	2015-12-31
JF712998.1	10519	China	2005-05-31
AY819919.1	108098	NA	NA
AY819912.1	108098	NA	NA
X74657.1	10527	NA	NA
X74664.1	10527	NA	NA
KY549654.1	10519	China	2013-02-23
KY511675.1	1907210	China	2013-02-23
KY511671.1	1907210	China	2013-02-23
KY511670.1	1907210	China	2013-02-23
KY511669.1	1907210	China	2013-02-23
KY511668.1	1907210	China	2013-02-23
KY511667.1	1907210	China	2013-02-23
KY511666.1	1907210	China	2013-02-23
KR090810.1	10519	China	2011-08-28
KR090771.1	10519	China	2013-08-22
KR090762.1	45659	China	2013-08-20
KR090752.1	10519	China	2012-08-16
KC570908.1	10519	Taiwan	2011-05-01
KY969073.1	10515	Thailand	2016-06-30
KP274051.1	35265	Cote d'Ivoire	2011-12-31
KP274050.1	35265	Cote d'Ivoire	2011-12-31
JF713001.1	10519	China	2008-01-31
AY819922.1	108098	NA	NA
AB023547.1	10527	NA	NA
AJ250785.1	32608	NA	NA
MK411408.1	108098	India	2012-12-31
KU872864.1	1916695	Czech Republic	2011-12-31
KR090807.1	10519	China	2011-09-13
KR090755.1	10519	China	2012-07-23
KM103662.1	108098	India	2011-05-03
AB742364.1	754031	Philippines	2010-12-31
AB742363.1	754031	Philippines	2010-12-31
AB685342.1	10519	Mongolia	2009-12-31
GQ265844.1	10519	South Korea	2004-12-31
EU513208.1	108098	China	NA
EU513207.1	108098	China	NA
X13271.1	45659	NA	NA
AB023557.1	46941	NA	NA
KP274052.1	35265	Cote d'Ivoire	2011-12-31
JF713006.1	10519	China	2010-03-31
JF713004.1	10519	China	2008-03-31
JF713003.1	10519	China	2008-04-30
JF713000.1	10519	China	2007-07-31
JF712999.1	10519	China	2006-04-30
EU439572.1	129951	Cuba	NA
AY819904.1	108098	NA	NA
LC159539.1	45659	NA	NA
KP268117.1	108098	Bangladesh: Dhaka	2006-06-26
AB067658.2	45659	NA	NA
AJ250792.1	107681	NA	NA
KP274040.1	130310	Cote d'Ivoire	2011-12-31
KM103668.1	108098	India	2012-07-30
EU513205.1	108098	China	NA
U75953.1	10519	NA	NA
U77394.1	10519	NA	NA
U77393.1	10519	NA	NA
JF713007.1	10519	China	2010-04-30
FJ943600.1	45659	Germany	2006-11-30
FJ943587.1	45659	Germany	2001-11-30
AJ250791.1	107680	NA	NA
AJ250790.1	107679	NA	NA
AJ250789.1	107678	NA	NA
AB067674.1	45659	NA	NA
MK411404.1	108098	India	2012-12-31
JF713009.1	10519	China	2010-05-31
AB436562.1	28280	NA	NA
AB433755.1	28280	Japan:Yamagata	NA
U75955.1	10519	NA	NA
X76550.1	28280	NA	NA
AY819911.1	108098	NA	NA
KP268150.1	108098	Bangladesh: Dhaka	2007-09-25
KP268147.1	108098	Bangladesh: Dhaka	2007-09-01
KP268127.1	108098	Bangladesh: Dhaka	2006-10-30
KP268121.1	108098	Bangladesh: Dhaka	2006-07-26
KP268118.1	108098	Bangladesh: Dhaka	2006-07-22
KP268105.1	108098	Bangladesh: Dhaka	2006-03-14
AB742370.1	754031	Philippines	2010-12-31
JN163975.1	1076321	NA	NA
EU867475.1	45659	Germany	2005-12-31
AJ250784.1	31544	NA	NA
AB067673.1	45659	NA	NA
KY704412.1	45659	Thailand	2015-12-31
JN163982.1	1076312	NA	NA
U77391.1	10519	NA	NA
JF712971.1	45659	China	2009-01-31
JF712966.1	45659	China	2008-01-31
JF712953.1	45659	China	2006-09-30
JF712951.1	45659	China	2006-06-30
JF712948.1	45659	China	2006-04-30
JF712947.1	45659	China	2006-04-30
JF712943.1	45659	China	2005-08-31
JF712939.1	45659	China	2005-08-31
KP268139.1	108098	Bangladesh: Dhaka	2007-04-16
KP268129.1	108098	Bangladesh: Dhaka	2006-11-07
AB685343.1	45659	Mongolia	2009-12-31
JF712955.1	45659	China	2006-09-30
AB366414.1	45659	Japan	NA
AB067672.2	45659	NA	NA
AB067677.1	45659	NA	NA
AB067675.1	45659	NA	NA
AB023558.1	46942	NA	NA
MK411401.1	108098	India	2012-12-31
JX183005.1	45659	Malaysia	2006-12-31
JQ838587.1	10541	China	2011-04-30
KJ643241.1	130309	Thailand	2008-05-11
JF712989.1	28280	China	2007-11-30
JF712974.1	45659	China	2009-03-31
JF712965.1	45659	China	2007-12-31
JF712956.1	45659	China	2006-10-31
JF712950.1	45659	China	2006-06-30
JF712941.1	45659	China	2005-08-31
JF712937.1	45659	China	2005-07-31
EU439573.1	129951	Cuba	NA
JF712946.1	45659	China	2006-01-31
AB366421.1	45659	Japan	NA
AB366417.1	45659	Japan	NA
AB067661.2	45659	NA	NA
AB259822.1	107462	NA	NA
AJ250781.1	10519	NA	NA
AJ250780.1	45659	NA	NA
AB067676.1	45659	NA	NA
JX183052.1	45659	Malaysia	2011-03-31
JX183021.1	45659	Malaysia	2008-10-31
AB023556.1	46940	NA	NA
KR090805.1	28280	China	2011-09-12
KJ643242.1	130309	Thailand	2008-08-21
JF712992.1	28280	China	2008-04-30
JF712991.1	28280	China	2008-03-31
JF712985.1	28280	China	2006-02-28
JF712984.1	28280	China	2005-11-30
JF712975.1	45659	China	2010-05-31
JF712969.1	45659	China	2008-07-31
JF712967.1	45659	China	2008-03-31
JF712962.1	45659	China	2007-08-31
JF712960.1	45659	China	2007-05-31
JF712942.1	45659	China	2005-08-31
JF712938.1	45659	China	2005-07-31
AB023553.1	46926	NA	NA
KY213688.1	1907210	China	2016-11-11
KP268146.1	108098	Bangladesh: Dhaka	2007-08-11
KP268120.1	108098	Bangladesh: Dhaka	2006-07-25
AB901006.1	129951	Japan: Okinawa	2010-06-30
JF712977.1	45659	China	2005-09-30
JF712949.1	45659	China	2006-06-30
JF712944.1	45659	China	2005-12-31
JF713002.1	10519	China	2008-03-31
KC570907.1	28280	Taiwan	2007-05-02
JF712993.1	28280	China	2008-11-30
JF712990.1	28280	China	2008-02-29
JF712973.1	45659	China	2009-06-30
JF712954.1	45659	China	2006-09-30
JF712945.1	45659	China	2005-12-31
AB433754.1	28280	Japan:Yamagata	NA
AB433734.1	28280	Japan:Yamagata	NA
MK473844.1	45659	Uruguay: Rio Santa Lucia	2015-06-30
KF976530.1	130310	Cote d'Ivoire	2011-12-31
JF712959.1	45659	China	2007-03-31
AB091069.1	31545	NA	NA
AB091068.1	31545	NA	NA
AB023552.1	46925	NA	NA
AB023551.1	46924	NA	NA
MF176111.1	1916699	Tanzania	2011-12-31
KU872856.1	1916693	Czech Republic	2011-12-31
JX182990.1	10519	Malaysia	2003-09-30
MF177747.1	10519	Brazil	2001-12-31
JF712994.1	28280	China	2010-05-31
JF712988.1	28280	China	2007-06-30
JF712987.1	28280	China	2006-06-30
JF712986.1	28280	China	2006-04-30
JF712983.1	28280	China	2005-11-30
JF712964.1	45659	China	2007-09-30
JF712963.1	45659	China	2007-08-31
MK473843.1	45659	Uruguay: Rio Santa Lucia	2015-06-30
KU872861.1	1916699	Czech Republic	2011-12-31
JF712940.1	45659	China	2005-08-31
AB023549.1	46922	NA	NA
MF176134.1	1916699	Tanzania	2012-12-31
MF176120.1	1916699	Tanzania	2012-12-31
MF176108.1	1916699	Tanzania	2011-12-31
KU872853.1	1916699	Czech Republic	2011-12-31
MK296433.1	45659	Australia	2017-11-30
MF347686.1	45659	China	2017-05-16
MF347685.1	45659	China	2017-05-16
MF347684.1	45659	China	2017-05-16
MF589703.1	129951	Russia: Novosibirsk	2012-01-24
KY969122.1	46921	Thailand	2016-06-30
MF176127.1	1916699	Tanzania	2012-12-31
AB901004.1	129951	Japan: Okinawa	2010-05-31
KY704367.1	10533	Thailand	2015-12-31
KY704364.1	10533	Thailand	2015-12-31
MF176131.1	1916699	Tanzania	2012-12-31
MF176124.1	1916699	Tanzania	2012-12-31
MF176116.1	1916699	Tanzania	2012-12-31
MF347683.1	45659	China	2017-05-16
MF176125.1	1916699	Tanzania	2012-12-31
MF176122.1	1916699	Tanzania	2012-12-31
MF176114.1	1916699	Tanzania	2012-12-31
AB901005.1	129951	Japan: Okinawa	2010-06-30
AY628148.1	10519	USA	NA
MF176119.1	1916699	Tanzania	2012-12-31
MF176117.1	1916699	Tanzania	2012-12-31
LC215427.1	651580	Japan:Kumamoto	2012-08-09
LC215423.1	651580	Japan:Kumamoto	2012-01-16
AB333801.2	651580	NA	NA
AB098566.1	10527	NA	NA
AB090345.1	31545	Japan: Hiroshima	NA
MF177749.1	10519	Brazil	2000-12-31
MF177748.1	10519	Brazil	1997-12-31
MF176110.1	1916699	Tanzania	2011-12-31
MF176118.1	1916699	Tanzania	2012-12-31
KU872863.1	1916699	Czech Republic	2011-12-31
KU872862.1	1916699	Czech Republic	2011-12-31
MF176128.1	1916699	Tanzania	2012-12-31
MF176112.1	1916699	Tanzania	2011-12-31
MF176109.1	1916699	Tanzania	2011-12-31
MF176107.1	1916699	Tanzania	2011-12-31
JQ838600.1	45659	China	2010-04-30
JN168791.1	45659	China	2005-07-31
KP274046.1	130310	Cote d'Ivoire	2011-12-31
MK994991.1	1907210	Ethiopia	2015-12-31
MK994986.1	1907210	Ethiopia	2015-12-31
MK296443.1	45659	Australia	2017-07-31
MK296441.1	45659	Australia	2017-07-31
KY969085.1	10533	Thailand	2016-02-29
KP662359.1	10533	China	2012-12-31
MK342146.1	45659	Iran	2015-12-31
KY704365.1	10533	Thailand	2015-12-31
KJ425125.1	10519	Gabon	2010-12-31
JN168821.1	45659	China	2008-07-31
JN168817.1	45659	China	2007-08-31
JN168815.1	45659	China	2007-06-30
JN168814.1	45659	China	2007-05-31
JN168806.1	45659	China	2006-06-30
JN168805.1	45659	China	2006-06-30
JN168792.1	45659	China	2005-07-31
MF589705.1	129951	Russia: Novosibirsk	2012-03-17
MF085381.1	10519	Kuwait	2013-03-25
MF085379.1	10519	Kuwait	2013-04-02
JF712968.1	45659	China	2008-05-31
KP662341.1	10533	China	2012-12-31
MF177750.1	45659	Brazil	2002-12-31
KC702815.1	1399591	Rwanda	NA
KC702813.1	1399589	NA	NA
KF279626.1	31544	United Kingdom	1983-12-31
JN168809.1	45659	China	2006-09-30
GQ922045.1	108098	Portugal: Lisbon	2003-12-31
MF085387.1	10519	Kuwait	2013-11-17
MF085378.1	10519	Kuwait	2013-03-03
X74661.1	10529	NA	NA
KY704428.1	45659	Thailand	2015-12-31
KY213689.1	1907210	China	2016-11-11
AB023554.1	46928	NA	NA
LR745924.1	10535	Switzerland	2009-12-31
LR745921.1	10535	Switzerland	2009-12-31
MK674676.1	10533	Thailand	2016-03-13
MF177751.1	45659	Brazil	2004-12-31
KY704414.1	45659	Thailand	2015-12-31
KM659140.1	129951	Democratic Republic of the Congo	NA
KJ425127.1	10519	Gabon	2010-12-31
KF279627.1	31544	United Kingdom	1983-12-31
HG976908.1	45659	Morocco	NA
U77392.1	10519	NA	NA
KY704419.1	45659	Thailand	2015-12-31
GQ377717.1	28280	Brazil: Uberlandia, MG	2002-06-19
AJ005423.1	10535	NA	NA
MF375702.1	1907210	Bangladesh	2014-12-31
KP662344.1	10533	China	2012-12-31
MK674659.1	10533	Thailand	2013-06-05
MF375693.1	1907210	Bangladesh	2013-12-31
KY311565.1	1907210	USA	2016-12-05
AF161569.1	28280	NA	NA
MK674674.1	10533	Thailand	2016-12-21
MF375701.1	1907210	Bangladesh	2014-12-31
KY704417.1	45659	Thailand	2015-12-31
MK674678.1	10533	Thailand	2017-06-22
MK674664.1	10533	Thailand	2014-12-21
MK674663.1	10533	Thailand	2014-02-07
MK674658.1	10533	Thailand	2012-07-18
KU145108.1	10519	Malaysia: Kuala Lumpur	2013-06-06
KU145058.1	10519	Malaysia: Kuala Lumpur	2012-11-29
KP729819.1	10519	Singapore	2013-01-14
FJ025900.1	585077	NA	NA
MF085397.1	45659	Kuwait	2016-02-27
KX691727.1	10519	China	2010-12-31
KX691726.1	10519	China	2010-12-31
KX691725.1	10519	China	2011-12-31
KX691724.1	10519	China	2010-12-31
KX691723.1	10519	China	2010-12-31
KX691722.1	10519	China	2011-12-31
KX691721.1	10519	China	2010-12-31
KX691720.1	10519	China	2010-12-31
KX691719.1	10519	China	2011-12-31
KX691718.1	10519	China	2010-12-31
KX691717.1	10519	China	2011-12-31
KX691716.1	10519	China	2011-12-31
KX691715.1	10519	China	2010-12-31
KX691714.1	10519	China	2011-12-31
KX691713.1	10519	China	2011-12-31
KX691712.1	10519	China	2010-12-31
KX691711.1	10519	China	2010-12-31
KX691710.1	10519	China	2011-12-31
KX691709.1	10519	China	2010-12-31
KX691708.1	10519	China	2011-12-31
KX691707.1	10519	China	2010-12-31
KX691706.1	10519	China	2010-12-31
KX691705.1	10519	China	2010-12-31
KX691704.1	10519	China	2010-12-31
KX691703.1	10519	China	2010-12-31
KX691702.1	10519	China	2010-12-31
KX691701.1	10519	China	2010-12-31
KX691700.1	10519	China	2011-12-31
KX691699.1	10519	China	2010-12-31
KX691698.1	10519	China	2010-12-31
KX691697.1	10519	China	2010-12-31
KX691696.1	10519	China	2010-12-31
KX691695.1	10519	China	2010-12-31
MK580011.1	130309	China	2015-01-25
MK674679.1	10533	Thailand	2017-06-22
MK674662.1	10533	Thailand	2013-10-12
KY704423.1	45659	Thailand	2015-12-31
KU145057.1	10519	Malaysia: Kuala Lumpur	2011-07-23
GQ922044.1	108098	Portugal: Lisbon	2003-12-31
GQ922028.1	108098	Portugal: Lisbon	2003-12-31
MK674671.1	10533	Thailand	2015-05-16
MG199337.1	130308	Denmark	2012-06-30
MF085400.1	45659	Kuwait	2016-11-09
MF085388.1	45659	Kuwait	2013-12-11
MF085380.1	45659	Kuwait	2013-03-27
AB023548.1	28275	NA	NA
MK674669.1	10533	Thailand	2015-06-14
KY704421.1	45659	Thailand	2015-12-31
KY704418.1	45659	Thailand	2015-12-31
KU145046.1	45659	Malaysia: Kuala Lumpur	2011-04-13
KU145036.1	45659	Malaysia: Kuala Lumpur	2011-09-18
KJ425140.1	31544	Gabon	2010-12-31
MK674670.1	10533	Thailand	2015-06-14
MK674660.1	10533	Thailand	2013-07-12
KY704427.1	45659	Thailand	2015-12-31
KU145077.1	10519	Malaysia: Kuala Lumpur	2013-02-17
KU145070.1	10519	Malaysia: Kuala Lumpur	2011-03-29
KP729818.1	10519	Singapore	2013-03-03
KP729817.1	10519	Singapore	2013-02-03
FJ404739.1	28280	China	2006-12-31
LR746111.1	10535	Switzerland	2009-12-31
LR746044.1	10535	Switzerland	2008-12-31
LR746007.1	10535	Switzerland	2011-12-31
LR745983.1	10535	Switzerland	2003-12-31
LR745960.1	10535	Switzerland	1999-12-31
LR745958.1	10535	Switzerland	1998-12-31
MG199353.1	130308	Denmark	2012-05-31
MG199352.1	130308	Denmark	2014-09-30
MG199351.1	130308	Denmark	2015-12-31
MG199350.1	130308	Denmark	2012-03-31
MG199349.1	130308	Denmark	2013-08-31
MG199348.1	130308	Denmark	2014-06-30
MG199347.1	130308	Denmark	2015-04-30
MG199346.1	130308	Denmark	2013-07-31
MG199345.1	130308	Denmark	2014-08-31
MG199344.1	130308	Denmark	2016-06-30
MG199343.1	130308	Denmark	2014-12-31
MG199342.1	130308	Denmark	2016-08-31
MG199341.1	130308	Denmark	2014-02-28
MG199340.1	130308	Denmark	2014-02-28
MG199339.1	130308	Denmark	2014-11-30
MG199338.1	130308	Denmark	2012-05-31
MF176129.1	1916699	Tanzania	2012-12-31
MF085385.1	45659	Kuwait	2014-01-14
AY819809.1	130309	NA	NA
MG000759.1	1337398	Argentina	2005-01-04
MG000707.1	1337398	Argentina	2002-10-22
KU145043.1	45659	Malaysia: Kuala Lumpur	2011-03-13
KU145033.1	45659	Malaysia: Kuala Lumpur	2011-05-07
KU145030.1	45659	Malaysia: Kuala Lumpur	2011-05-31
MK674672.1	10533	Thailand	2015-07-31
MG199360.1	130308	Denmark	2015-04-30
MG199359.1	130308	Denmark	2012-07-31
MG199358.1	130308	Denmark	2012-03-31
MG199357.1	130308	Denmark	2013-02-28
MG199356.1	130308	Denmark	2015-04-30
MG199355.1	130308	Denmark	2015-02-28
MF375695.1	1907210	Bangladesh	2013-12-31
FJ404733.1	28280	China	2006-12-31
LR746050.1	10535	Switzerland	2008-12-31
MG199354.1	130308	Denmark	2015-06-30
KU516678.1	129951	Thailand	2013-12-31
KU516677.1	129951	Thailand	2013-12-31
KU516676.1	129951	Thailand	2013-12-31
AY288114.1	46926	NA	NA
AY819816.1	130309	NA	NA
MG000708.1	1337398	Argentina	2002-10-06
KU145041.1	45659	Malaysia: Kuala Lumpur	2011-01-26
MG199361.1	130308	Denmark	2015-03-31
FJ404730.1	45659	China	2006-12-31
MG000721.1	45659	Argentina	2001-08-06
MG199263.1	108098	Denmark	2015-01-31
MG199262.1	108098	Denmark	2014-12-31
MG199261.1	108098	Denmark	2015-02-28
MG199260.1	108098	Denmark	2015-02-28
MG199259.1	108098	Denmark	2016-03-31
MG199253.1	108098	Denmark	2013-12-31
MG199252.1	108098	Denmark	2013-10-31
MG199251.1	108098	Denmark	2014-02-28
MG199250.1	108098	Denmark	2014-04-30
MG199249.1	108098	Denmark	2014-04-30
MG199248.1	108098	Denmark	2012-01-31
MG199247.1	108098	Denmark	2015-03-31
MG199246.1	108098	Denmark	2014-02-28
MG199245.1	108098	Denmark	2012-02-29
MG199244.1	108098	Denmark	2014-06-30
KU516666.1	129951	Thailand	2011-12-31
KU516665.1	129951	Thailand	2011-12-31
AB920428.1	108098	Japan: Okinawa	2012-06-03
GU048699.1	108098	China:Shanghai	2008-05-07
FJ404732.1	28280	China	2006-12-31
MG000760.1	1337398	Argentina	2000-05-01
MG000758.1	1337398	Argentina	2000-07-19
MG000757.1	1337398	Argentina	2000-08-03
MG000756.1	1337398	Argentina	2001-04-23
MG000740.1	1337398	Argentina	2004-10-20
MG000739.1	1337398	Argentina	2001-05-03
MG000736.1	1337398	Argentina	2003-09-28
MG000735.1	1337398	Argentina	2003-09-29
MG000734.1	1337398	Argentina	2003-09-28
MG000733.1	1337398	Argentina	2004-02-02
MG000725.1	1337398	Argentina	2003-08-10
MG000719.1	1337398	Argentina	2001-02-12
MG000718.1	1337398	Argentina	2002-10-22
MG000714.1	1337398	Argentina	2001-08-12
MG000713.1	1337398	Argentina	2003-07-06
MG000711.1	1337398	Argentina	2001-08-28
MG000709.1	1337398	Argentina	2002-11-26
MH158447.1	1907210	Brazil	2012-12-31
MG199256.1	108098	Denmark	2012-02-29
JQ407707.1	130310	France	2010-09-02
FJ404726.1	45659	China	2005-12-31
LR746089.1	10535	Switzerland	2008-12-31
MG199255.1	108098	Denmark	2014-04-30
MG199254.1	108098	Denmark	2014-05-31
KU145048.1	28280	Malaysia: Kuala Lumpur	2011-09-18
GU048685.1	108098	China:Shanghai	2008-03-02
GU048673.1	108098	China:Shanghai	2007-05-20
GU048670.1	108098	China:Shanghai	2006-12-06
FJ404736.1	45659	China	2006-12-31
EU755358.1	45659	Kuwait	2004-03-31
AM406691.1	10519	Italy	1994-12-31
MG000712.1	1096763	Argentina	2004-01-15
KP729820.1	10519	Singapore	2013-03-19
JQ407715.1	108098	France	2008-10-02
FJ404734.1	45659	China	2006-12-31
LR746128.1	10535	Switzerland	2009-12-31
LR746110.1	10535	Switzerland	2009-12-31
LR746097.1	10535	Switzerland	2008-12-31
LR746049.1	10535	Switzerland	2008-12-31
LR746003.1	10535	Switzerland	2007-12-31
LR746002.1	10535	Switzerland	2007-12-31
LR745995.1	10535	Switzerland	2006-12-31
LR745969.1	10535	Switzerland	1999-12-31
LR745949.1	10535	Switzerland	2009-12-31
LR745945.1	10535	Switzerland	2009-12-31
LR745942.1	10535	Switzerland	2009-12-31
LR745919.1	10535	Switzerland	2009-12-31
LR745913.1	10535	Switzerland	2005-12-31
LR745908.1	10535	Switzerland	2005-12-31
MG000751.1	45659	Argentina	2005-02-16
MG000749.1	45659	Argentina	2004-12-01
MG000748.1	45659	Argentina	2005-01-19
MG000746.1	45659	Argentina	2005-02-08
MG000742.1	45659	Argentina	2005-03-13
MG000738.1	45659	Argentina	2005-05-05
MG000737.1	45659	Argentina	2005-05-09
MG000729.1	45659	Argentina	2005-04-21
MG000724.1	45659	Argentina	2003-08-10
GU048706.1	108098	China:Shanghai	2008-06-25
GU048690.1	108098	China:Shanghai	2008-04-06
GU048683.1	108098	China:Shanghai	2008-01-06
GU048677.1	108098	China:Shanghai	2007-07-25
GU048676.1	108098	China:Shanghai	2007-07-18
GU048675.1	108098	China:Shanghai	2007-07-18
GU048672.1	108098	China:Shanghai	2006-12-17
GU048671.1	108098	China:Shanghai	2006-12-13
GU048668.1	108098	China:Shanghai	2006-11-15
MG199257.1	108098	Denmark	2013-05-31
JQ407716.1	108098	France	2009-12-09
MK411412.1	130309	India	2012-12-31
AY056457.1	28278	NA	NA
MG000755.1	45659	Argentina	2000-10-01
MG000752.1	45659	Argentina	2000-08-17
MG000750.1	45659	Argentina	2004-12-26
MG000723.1	45659	Argentina	2001-07-25
MG000722.1	45659	Argentina	2001-02-06
MG000720.1	45659	Argentina	2001-01-02
MG000717.1	45659	Argentina	2002-12-29
MG000716.1	45659	Argentina	2004-08-11
GU048697.1	108098	China:Shanghai	2008-04-09
GU048693.1	108098	China:Shanghai	2008-04-06
GU048692.1	108098	China:Shanghai	2008-04-06
GU048682.1	108098	China:Shanghai	2008-01-02
GU048669.1	108098	China:Shanghai	2006-11-26
JQ407721.1	108098	France	2009-06-25
MK411413.1	130309	India	2012-12-31
KY704420.1	45659	Thailand	2015-12-31
KY704416.1	45659	Thailand	2015-12-31
AY056458.1	28278	NA	NA
AY056456.1	28278	NA	NA
JQ407719.1	108098	France	2009-07-01
JQ042838.1	46939	United Kingdom	1985-12-31
GU048698.1	108098	China:Shanghai	2008-04-23
GU048688.1	108098	China:Shanghai	2008-04-02
GU048681.1	108098	China:Shanghai	2007-12-19
MF962532.1	10524	Mexico: Cancun, Quintana Roo	2015-12-31
MG000761.1	28280	Argentina	2001-09-02
MG000745.1	28280	Argentina	2005-02-14
MG000744.1	28280	Argentina	2005-04-04
MG000732.1	28280	Argentina	2005-03-09
MG000728.1	28280	Argentina	2004-05-02
MG000727.1	28280	Argentina	2004-03-18
MG000715.1	28280	Argentina	2004-04-16
MG000710.1	28280	Argentina	2001-07-23
JQ407720.1	108098	France	2009-09-20
JQ407717.1	108098	France	2009-01-11
JQ042839.1	46941	United Kingdom	1992-12-31
AM406718.1	28280	Italy	2001-12-31
AY288130.1	46941	NA	NA
AY288123.1	46936	NA	NA
LR745900.1	10535	Switzerland	2005-12-31
JQ042828.1	10527	United Kingdom	1992-12-31
EU755353.1	10519	Kuwait	2004-05-31
AY288128.1	46939	NA	NA
LR746001.1	10535	Switzerland	2007-12-31
MK736433.1	10519	China	2017-08-31
MK736432.1	10519	China	2017-08-31
MK736431.1	10519	China	2017-07-31
MK736430.1	10519	China	2017-06-30
MK736429.1	10519	China	2016-08-31
MK736428.1	10519	China	2016-07-31
MK736427.1	10519	China	2016-07-31
MK736423.1	10519	China	2017-08-31
MH985710.1	45659	China	2016-12-31
MH985714.1	45659	China	2017-05-31
MH985712.1	45659	China	2017-01-31
MH985711.1	45659	China	2016-12-31
MH985709.1	45659	China	2016-11-30
KF495162.1	10533	China: Chongqing	2010-10-19
AY288129.1	46940	NA	NA
LR746129.1	10535	Switzerland	2009-12-31
LR745918.1	10535	Switzerland	2009-12-31
MK736437.1	10519	China	2018-07-31
MK736436.1	10519	China	2018-06-30
MK736434.1	10519	China	2018-06-30
MH985713.1	45659	China	2017-01-31
LR745898.1	10535	Switzerland	2005-12-31
KF279617.1	10519	United Kingdom	1994-12-31
AM406736.1	28280	Italy	1988-12-31
AY288117.1	46929	NA	NA
LR745892.1	10535	Switzerland	2005-12-31
JQ042833.1	46923	United Kingdom	1992-12-31
MK736435.1	10519	China	2018-06-30
KJ807389.1	10519	China	2013-12-17
KJ807381.1	10519	China	2013-01-21
MK736607.1	28280	China	2017-07-31
AY288121.1	46933	NA	NA
AY288118.1	46930	NA	NA
KJ620235.1	28278	Turkey	2005-12-31
JQ407722.1	108098	France	2010-07-12
JQ042831.1	46923	United Kingdom	1993-12-31
JQ042830.1	1167228	United Kingdom	1991-12-31
AY288110.1	46923	NA	NA
KJ807382.1	10519	China	2013-01-23
KP268110.1	129951	Bangladesh: Dhaka	2006-04-15
KP268090.1	129951	Bangladesh: Dhaka	2005-03-21
KP268085.1	129951	Bangladesh: Dhaka	2005-01-16
JQ042840.1	46942	United Kingdom	1992-12-31
AY288131.1	46942	NA	NA
MK736642.1	28280	China	2018-09-30
MK736633.1	28280	China	2018-06-30
MK736632.1	28280	China	2018-06-30
MK736631.1	28280	China	2018-06-30
MK736630.1	28280	China	2018-06-30
MK736629.1	28280	China	2018-06-30
MK736628.1	28280	China	2018-06-30
MK736627.1	28280	China	2018-06-30
MK736625.1	28280	China	2018-06-30
MK736623.1	28280	China	2018-06-30
MK736622.1	28280	China	2018-06-30
MK736621.1	28280	China	2017-08-31
MK736620.1	28280	China	2017-08-31
MK736619.1	28280	China	2017-08-31
MK736618.1	28280	China	2017-08-31
MK736617.1	28280	China	2017-07-31
MK736616.1	28280	China	2017-07-31
MK736615.1	28280	China	2017-07-31
MK736614.1	28280	China	2017-07-31
MK736613.1	28280	China	2017-07-31
MK736612.1	28280	China	2017-07-31
MK736611.1	28280	China	2017-07-31
MK736610.1	28280	China	2017-07-31
MK736609.1	28280	China	2017-07-31
MK736608.1	28280	China	2017-07-31
MK736606.1	28280	China	2017-07-31
MK736605.1	28280	China	2017-06-30
MK736604.1	28280	China	2017-06-30
MK736603.1	28280	China	2017-06-30
MK736602.1	28280	China	2017-06-30
MK736601.1	28280	China	2017-06-30
MK736600.1	28280	China	2017-06-30
MK736599.1	28280	China	2017-06-30
MK736598.1	28280	China	2017-06-30
MK736597.1	28280	China	2017-06-30
MK736596.1	28280	China	2017-06-30
MK736595.1	28280	China	2017-06-30
MK736594.1	28280	China	2017-06-30
MK736593.1	28280	China	2017-06-30
MK736592.1	28280	China	2016-10-31
MK736591.1	28280	China	2016-09-30
MK736590.1	28280	China	2016-09-30
MK736589.1	28280	China	2016-06-30
MK736588.1	28280	China	2016-09-30
MK736587.1	28280	China	2016-09-30
MK736586.1	28280	China	2016-09-30
MK736585.1	28280	China	2016-08-31
MK736584.1	28280	China	2016-07-31
MK736583.1	28280	China	2016-07-31
MK736582.1	28280	China	2016-07-31
MK736581.1	28280	China	2016-07-31
MK736580.1	28280	China	2016-07-31
MK736579.1	28280	China	2016-07-31
MK736577.1	28280	China	2016-07-31
MK736576.1	28280	China	2016-07-31
MK736569.1	28280	China	2016-06-30
MK736568.1	28280	China	2016-06-30
MK736567.1	28280	China	2016-06-30
KX691694.1	28280	China	2011-12-31
KX691693.1	28280	China	2010-12-31
KX691692.1	28280	China	2010-12-31
KX691691.1	28280	China	2010-12-31
KX691690.1	28280	China	2011-12-31
KX691689.1	28280	China	2011-12-31
KP739842.1	10519	Singapore	2013-04-30
KP739841.1	10519	Singapore	2013-02-01
KP729822.1	10519	Singapore	2013-05-14
KP729815.1	10519	Singapore	2013-05-14
KJ807388.1	28280	China	2013-02-09
KJ807380.1	28280	China	2007-11-28
HM449007.1	46941	Canada	2008-04-14
DQ115455.1	10519	NA	NA
KX868374.1	28280	Sweden	NA
KX868373.1	28280	Sweden	NA
KX868334.1	28280	Sweden	NA
KX868302.1	31544	Sweden	NA
AY288124.1	46943	NA	NA
MK736446.1	10519	China	2018-09-30
MK736445.1	10519	China	2018-08-31
MK736444.1	10519	China	2018-07-31
MK736443.1	10519	China	2018-07-31
MK736442.1	10519	China	2018-07-31
MK736441.1	10519	China	2018-07-31
MK736440.1	10519	China	2018-07-31
MK736439.1	10519	China	2018-07-31
MK736438.1	10519	China	2018-07-31
KJ807378.1	10519	China	2011-11-17
KJ807371.1	10519	China	2010-06-28
KJ807369.1	10519	China	2010-04-22
JQ042829.1	46922	United Kingdom	1992-12-31
MK736655.1	130310	China	2018-07-31
MK736652.1	130310	China	2018-06-30
MK736651.1	130310	China	2017-08-31
MK736650.1	130310	China	2017-08-31
MK736648.1	130310	China	2017-08-31
MK736647.1	130310	China	2017-07-31
MK736646.1	130310	China	2017-06-30
MK736644.1	130310	China	2017-06-30
MK736626.1	28280	China	2018-06-30
MK736624.1	28280	China	2018-06-30
MK736578.1	28280	China	2016-07-31
MK736426.1	10519	China	2016-06-30
KX868401.1	1337398	Sweden	NA
KX868352.1	1337398	Sweden	NA
KX868340.1	1337398	Sweden	NA
KX868332.1	1337398	Sweden	NA
MF326943.1	1967472	NA	NA
KP729824.1	10519	Singapore	2013-05-14
KJ807375.1	10519	China	2011-05-29
AY288122.1	46934	NA	NA
DQ115440.1	28280	NA	NA
DQ115419.1	46923	NA	NA
DQ115414.1	31544	NA	NA
KU923805.1	10519	Russia: Nizhny Novgorod	2013-01-31
AY288113.1	46925	NA	NA
KJ620251.1	45659	Turkey	2005-12-31
KJ620236.1	45659	Turkey	2005-12-31
JN176455.1	45659	United Kingdom	2005-12-31
AY288108.1	46922	NA	NA
DQ115429.1	45659	NA	NA
MK736654.1	130310	China	2018-06-30
MK736653.1	130310	China	2018-06-30
MK736645.1	130310	China	2017-06-30
KX868361.1	1337398	Sweden	NA
JQ042844.1	130310	United Kingdom	1992-12-31
HM449011.1	130310	Canada	2008-04-14
DQ115448.1	46942	NA	NA
DQ115447.1	46941	NA	NA
DQ115411.1	46921	NA	NA
KX868310.1	28280	Sweden	NA
MH133255.1	10534	Taiwan	2014-02-26
MG660803.1	10519	Iraq: Baghdad	2015-10-27
KU923806.1	10527	Russia: Nizhny Novgorod	2014-12-31
KJ527482.1	10519	Kenya	2011-10-31
KJ527474.1	10519	Kenya	2011-07-10
KF279618.1	10519	United Kingdom	1983-12-31
KF279615.1	10519	United Kingdom	1983-12-31
DQ115445.1	46939	NA	NA
DQ115422.1	46925	NA	NA
MK736424.1	45659	China	2018-06-30
MK736422.1	45659	China	2017-08-31
MK736421.1	45659	China	2017-07-31
MK736420.1	45659	China	2017-07-31
MK736419.1	45659	China	2017-07-31
MK736418.1	45659	China	2017-07-31
MK736417.1	45659	China	2017-07-31
MK736416.1	45659	China	2017-06-30
MK736415.1	45659	China	2017-06-30
MK736414.1	45659	China	2017-06-30
MK736412.1	45659	China	2017-06-30
MK736411.1	45659	China	2016-09-30
MK736410.1	45659	China	2016-06-30
MK736409.1	45659	China	2016-08-31
MK736408.1	45659	China	2016-08-31
MK736407.1	45659	China	2016-08-31
MK736406.1	45659	China	2016-08-31
MK736405.1	45659	China	2016-08-31
MK736404.1	45659	China	2016-06-30
MK736403.1	45659	China	2016-08-31
MK736402.1	45659	China	2016-08-31
MK736401.1	45659	China	2016-07-31
MK736400.1	45659	China	2016-07-31
MK736399.1	45659	China	2016-06-30
MK736398.1	45659	China	2016-07-31
MK736397.1	45659	China	2016-06-30
MK736396.1	45659	China	2016-07-31
MK736395.1	45659	China	2016-07-31
MK736394.1	45659	China	2016-06-30
MK736393.1	45659	China	2016-07-31
MK736392.1	45659	China	2016-07-31
MK736391.1	45659	China	2016-07-31
MK736390.1	45659	China	2016-07-31
MK736389.1	45659	China	2016-07-31
MK736388.1	45659	China	2016-07-31
MK736387.1	45659	China	2016-07-31
MK736386.1	45659	China	2016-07-31
MK736385.1	45659	China	2016-07-31
MK736384.1	45659	China	2016-07-31
MK736383.1	45659	China	2016-07-31
MK736382.1	45659	China	2016-07-31
MK736381.1	45659	China	2016-07-31
MK736380.1	45659	China	2016-06-30
MK736379.1	45659	China	2016-06-30
MK736378.1	45659	China	2016-06-30
MK736377.1	45659	China	2016-06-30
MK736376.1	45659	China	2016-06-30
MK736375.1	45659	China	2016-06-30
MK736374.1	45659	China	2016-06-30
MK736373.1	45659	China	2016-06-30
MK736372.1	45659	China	2016-06-30
MK736371.1	45659	China	2016-06-30
MK736370.1	45659	China	2016-06-30
MK736369.1	45659	China	2016-06-30
MK736368.1	45659	China	2016-06-30
MK736367.1	45659	China	2016-06-30
MK736366.1	45659	China	2016-05-31
KX868532.1	1096763	Sweden	NA
KX868531.1	45659	Sweden	NA
KX868381.1	45659	Sweden	NA
KX868375.1	45659	Sweden	NA
KX868315.1	45659	Sweden	NA
JQ042835.1	46928	United Kingdom	1991-12-31
JQ042834.1	46928	United Kingdom	1991-12-31
MK736361.1	45659	China	2016-06-30
KX691688.1	130310	China	2010-12-31
JQ042843.1	245072	United Kingdom	1993-12-31
JQ042837.1	46938	United Kingdom	1992-12-31
JQ042832.1	46923	United Kingdom	1991-12-31
AY288127.1	46938	NA	NA
AY288125.1	46935	NA	NA
AY288115.1	46927	NA	NA
AY303952.1	278108	NA	NA
DQ115433.1	46934	NA	NA
KF279623.1	45659	United Kingdom	1991-12-31
KF279619.1	45659	United Kingdom	1996-12-31
DQ115423.1	46926	NA	NA
MK736413.1	45659	China	2017-06-30
KX868499.1	1096763	Sweden	NA
KX868492.1	1096763	Sweden	NA
KX868372.1	1096763	Sweden	NA
KX868343.1	45659	Sweden	NA
KJ620280.1	46924	Turkey	2007-12-31
JQ042836.1	46928	United Kingdom	1992-12-31
FR849554.1	108098	Italy:Torino	2009-04-21
FR849549.1	130309	Italy:Rome	2009-03-25
HM449008.1	130310	Canada	2008-04-14
AY288120.1	46932	NA	NA
AY288112.1	46924	NA	NA
MK736425.1	45659	China	2018-07-31
MK736365.1	45659	China	2016-06-30
MK736364.1	45659	China	2016-06-30
MK736363.1	45659	China	2016-06-30
MK736362.1	45659	China	2016-06-30
MK736360.1	45659	China	2016-06-30
MK736359.1	45659	China	2016-06-30
MK736358.1	45659	China	2016-06-30
MK736355.1	45659	China	2016-06-30
MK736354.1	45659	China	2016-06-30
MK736353.1	45659	China	2016-06-30
KJ527481.1	10519	Kenya	2011-10-31
GQ336985.1	46941	Australia	1991-11-14
DQ115417.1	28278	NA	NA
MK736356.1	45659	China	2016-06-30
MK234912.1	35265	India: Samrala, Punjab	2017-07-31
KX868491.1	1145295	Sweden	NA
KX868459.1	1145295	Sweden	NA
KX868338.1	1145295	Sweden	NA
KX868323.1	1145295	Sweden	NA
KJ807364.1	45659	China	2009-02-14
KJ527473.1	10519	Kenya	2010-07-10
KF279621.1	45659	United Kingdom	1986-12-31
HM449018.1	45659	Canada	2008-04-14
MK736641.1	28280	China	2018-09-30
MK736640.1	28280	China	2018-08-31
MK736639.1	28280	China	2018-08-31
MK736637.1	28280	China	2018-08-31
MK736636.1	28280	China	2018-08-31
MK736635.1	28280	China	2018-07-31
MK736634.1	28280	China	2018-07-31
MK736575.1	28280	China	2016-06-30
MK736574.1	28280	China	2016-06-30
MK736573.1	28280	China	2016-06-30
MK736572.1	28280	China	2016-06-30
MK736571.1	28280	China	2016-06-30
MK736570.1	28280	China	2016-06-30
MK736357.1	45659	China	2016-06-30
KX868439.1	1096763	Sweden	NA
KX868431.1	45659	Sweden	NA
KX868428.1	1096763	Sweden	NA
KX868410.1	1096763	Sweden	NA
KX868409.1	1096763	Sweden	NA
KX868382.1	1096763	Sweden	NA
KX868349.1	1096763	Sweden	NA
AY380330.1	31544	NA	NA
JQ042842.1	218120	United Kingdom	1993-12-31
HM449017.1	46924	Canada	2008-04-14
AY288132.1	218120	NA	NA
MK736638.1	28280	China	2018-07-31
MG199428.1	130310	Denmark	2011-03-31
MG199427.1	130310	Denmark	2013-11-30
MG199426.1	130310	Denmark	2014-05-31
FR849540.1	108098	Italy:Rome	2009-02-24
AY288105.1	28275	NA	NA
AY288116.1	46928	NA	NA
GQ336983.1	46933	Australia	1991-12-03
MK240312.1	35265	India: Ludhiana district of Punjab	2017-03-31
FR849498.1	108098	Italy:Brescia	2008-06-30
MK736566.1	1145295	China	2018-08-31
MK736565.1	1145295	China	2018-08-31
MK736564.1	1145295	China	2018-08-31
MK736563.1	1145295	China	2018-07-31
MK736562.1	1145295	China	2018-07-31
MK736560.1	1145295	China	2018-07-31
MK736559.1	1145295	China	2018-07-31
MK736558.1	1145295	China	2018-07-31
MK736557.1	1145295	China	2018-07-31
MK736556.1	1145295	China	2017-08-31
MK736554.1	1145295	China	2017-07-31
MK736553.1	1145295	China	2017-07-31
MK736552.1	1145295	China	2017-07-31
MK736551.1	1145295	China	2016-08-31
MK736550.1	1145295	China	2016-08-31
MK736549.1	1145295	China	2016-08-31
MK736548.1	1145295	China	2016-07-31
MK736547.1	1145295	China	2016-07-31
MK736546.1	1145295	China	2016-07-31
MK736545.1	1145295	China	2016-06-30
MG199425.1	130310	Denmark	2014-01-31
HM449014.1	245072	Canada	2008-04-14
MH289593.1	45659	Brazil	2014-06-15
MH289556.1	45659	Brazil	2012-08-26
HM641817.2	45659	Morocco	2009-02-28
MK736561.1	1145295	China	2018-07-31
MK736555.1	1145295	China	2017-08-31
JQ407718.1	108098	France	2010-07-21
GQ336986.1	46942	Australia	1987-01-05
EU755354.1	28285	Kuwait	2007-01-31
FR849490.1	108098	Italy:Trieste	2008-05-06
GQ336984.1	46939	Australia	1985-02-25
DQ115424.1	46927	NA	NA
MH289557.1	45659	Brazil	2012-08-28
KU872852.1	1916692	Czech Republic	2011-12-31
GQ336977.1	46928	Australia	1987-11-26
AJ315931.1	31544	NA	NA
MG199258.1	108098	Denmark	2014-02-28
GU799442.2	108098	Morocco	2008-05-08
GQ336980.1	46930	Australia	1986-09-03
MG199424.1	130310	Denmark	2012-07-31
EF176046.1	45659	Taiwan	NA
EF176044.1	45659	Taiwan	NA
HM244899.1	862163	Brazil	2007-12-31
GQ336981.1	46930	Australia	1985-12-31
MH013447.1	10524	Italy	2015-12-31
FR849544.1	108098	Italy:Venezia	2009-03-16
GQ336978.1	46929	Australia	1987-09-14
DQ280366.1	45659	Germany	NA
AJ749847.1	46921	NA	NA
FR849526.1	108098	Italy:Rome	2008-12-01
GQ336982.1	46932	Australia	1986-07-15
AJ749848.1	46923	NA	NA
AJ745889.2	46933	Germany	NA
MH289576.1	45659	Brazil	2013-08-06
HM244897.1	862161	Brazil	2007-12-31
AJ745894.2	46935	Germany	NA
FR849514.1	108098	Italy:Torino	2008-09-23
FN813573.1	45659	Italy:Rome	NA
AJ745890.2	46934	Germany	NA
AJ745888.2	46932	Germany	NA
FN813571.1	45659	Italy:Rome	NA
AJ749855.1	46934	NA	NA
AJ745896.2	46938	Germany	NA
AJ745893.2	46943	Germany	NA
AJ745885.2	46929	Germany	NA
AJ745882.2	46923	NA	NA
KU523574.1	130310	Gabon: Doussala	2014-11-29
AJ745897.2	46939	Germany	NA
AJ745884.2	46927	Germany	NA
AJ745883.2	46924	Germany	NA
AH015831.2	388609	Germany	NA
AB665058.1	651580	Japan:Osaka	2009-12-31
DQ404185.1	388609	Germany	NA
AJ745899.2	245072	Germany	NA
AJ745898.2	218120	Germany	NA
HG976936.1	45659	Morocco	NA
AJ749849.1	46927	NA	NA
AJ745886.2	46930	Germany	NA
DQ145524.1	108098	NA	NA
JF343818.1	108098	USA	2009-06-29
AJ749859.1	46939	NA	NA
AJ745891.2	46936	Germany	NA
JF343823.1	108098	USA	2009-06-16
JF343821.1	108098	USA	2009-08-08
GQ505076.1	45659	China: Hong Kong	NA
GQ505070.1	10519	China: Hong Kong	NA
JF343822.1	108098	USA	2009-08-28
KX712141.1	45659	China	2010-12-31
KX691685.1	45659	China	2010-12-31
KX691684.1	45659	China	2010-12-31
KX691683.1	45659	China	2010-12-31
KX691682.1	45659	China	2010-12-31
KX691681.1	45659	China	2010-12-31
KX691679.1	45659	China	2010-12-31
KX691678.1	45659	China	2010-12-31
KX691677.1	45659	China	2010-12-31
KX691676.1	45659	China	2010-12-31
KX691675.1	45659	China	2010-12-31
KX691674.1	45659	China	2010-12-31
KX691673.1	45659	China	2010-12-31
KX691672.1	45659	China	2010-12-31
KX691670.1	45659	China	2010-12-31
KX691669.1	45659	China	2010-12-31
KX691668.1	45659	China	2010-12-31
KX691667.1	45659	China	2011-12-31
KX691686.1	45659	China	2010-12-31
KX691671.1	45659	China	2010-12-31
KM274916.1	45659	India	2013-02-12
KM274912.1	45659	India	2012-01-21
JQ796061.1	45659	NA	2009-12-31
KU195628.1	45659	Sweden	2014-12-31
KU195627.1	45659	Sweden	2013-12-31
KU195625.1	45659	Sweden	2014-12-31
KU195624.1	45659	Sweden	2013-12-31
KU195623.1	45659	Sweden	2014-12-31
KU195622.1	45659	Sweden	2014-12-31
KU195621.1	45659	Sweden	2013-12-31
KU195620.1	45659	Sweden	2013-12-31
KM274918.1	45659	India	2012-03-13
JF343820.1	108098	USA	2009-06-06
MG517304.1	45659	South Korea	2015-12-31
MG517303.1	45659	South Korea	2015-12-31
MG517301.1	45659	South Korea	2015-12-31
MG517300.1	45659	South Korea	2015-12-31
MG517294.1	45659	South Korea	2014-12-31
KT963953.1	45659	Italy	2013-10-31
KM274914.1	45659	India	2012-02-16
KM274913.1	45659	India	2013-02-06
JQ796050.1	45659	NA	2007-12-31
JQ796022.1	45659	NA	2004-12-31
JQ796023.1	45659	NA	2004-12-31
AB248416.1	45659	Japan	NA
AB248415.1	45659	Japan	NA
AB248405.1	45659	Japan	NA
AY288434.1	232325	NA	NA
KU195630.1	45659	Sweden	2013-12-31
KM274915.1	45659	India	2012-01-17
DQ145522.1	130308	NA	NA
KX691680.1	45659	China	2010-12-31
KU195619.1	31544	Sweden	2013-12-31
KU195618.1	31544	Sweden	2013-12-31
LC496088.1	108098	Japan	2015-12-31
LC496087.1	108098	Japan	2015-12-31
LC496086.1	108098	Japan	2015-12-31
LC496083.1	108098	Japan	2013-12-31
LC496082.1	108098	Japan	2013-12-31
MF085401.1	45659	Kuwait	2016-12-28
KT963954.1	45659	Italy	2013-10-31
KU195629.1	45659	Sweden	2013-12-31
AB248426.1	45659	Japan	NA
AB248424.1	45659	Japan	NA
AB248413.1	45659	Japan	NA
AB248410.1	45659	Japan	NA
AB248407.1	45659	Japan	NA
AB248406.1	45659	Japan	NA
LC496084.1	108098	Japan	2014-12-31
KM274917.1	45659	India	2012-01-27
AJ250708.1	28278	NA	NA
KM274911.1	45659	India	2011-08-09
AJ250709.1	52275	NA	NA
LC128919.1	88059	Japan:Hokkaido, Sapporo	2015-07-02
JF343819.1	693059	USA	2009-07-13
AY684873.1	45659	NA	NA
